worker_job_type,job_job_type,worker_location,job_location,distance_km,skill_overlap,skill_match_ratio,experience_fit,location_score,job_type_match,label
1,1,12,24,380.7360081,3,0.5,1,0.238527984,1,1
4,10,5,6,291.8746743,1,0.2,1,0.416250651,0,0
1,15,2,14,226.3700523,4,0.666666667,1,0.547259895,0,0
3,3,7,23,202.6876398,3,0.75,1,0.59462472,1,1
5,5,10,4,428.9659687,1,0.5,1,0.142068063,1,1
12,12,16,16,0,3,0.428571429,1,1,1,1
11,7,21,20,350.214216,0,0,0.555555556,0.299571568,0,0
12,12,0,16,30.16075829,5,0.714285714,0,0.939678483,1,1
5,1,8,1,84.53928451,2,0.25,0.444444444,0.830921431,0,0
10,0,23,8,67.87420754,2,0.666666667,1,0.864251585,0,0
0,10,13,24,496.4301125,2,0.5,1,0.007139775,0,0
1,11,11,8,337.9260291,0,0,1,0.324147942,0,0
15,15,15,0,149.6651713,2,0.4,1,0.700669657,1,1
11,11,22,11,200.5315688,1,0.5,1,0.598936862,1,1
12,12,21,4,320.9274973,1,0.25,1,0.358145005,1,1
7,7,26,8,277.0425068,2,0.333333333,1,0.445914986,1,1
10,10,8,6,320.3137552,1,0.333333333,0.555555556,0.35937249,1,1
11,0,6,8,320.3137552,0,0,1,0.35937249,0,0
11,11,16,11,237.5636006,0,0,1,0.524872799,1,1
6,14,21,10,748.9651673,0,0,1,0,0,0
14,14,17,10,744.6201018,3,0.75,1,0,1,1
11,11,10,4,428.9659687,2,0.666666667,0.714285714,0.142068063,1,1
5,3,24,20,112.2507445,1,0.333333333,1,0.775498511,0,0
0,0,13,26,602.2008738,3,0.428571429,1,0,1,1
13,13,13,4,642.1647193,1,0.25,0.875,0,1,1
11,11,20,3,521.5485808,2,0.4,0,0,1,1
7,7,5,8,52.59057074,1,0.166666667,1,0.894818859,1,0
13,13,10,5,466.2127722,3,0.6,1,0.067574456,1,1
14,4,2,7,99.22387628,1,0.2,0,0.801552247,0,0
13,13,13,14,900.3288117,2,0.4,1,0,1,1
5,5,3,19,90.82246804,2,0.666666667,1,0.818355064,1,1
11,3,1,20,547.1521528,1,0.333333333,0.444444444,0,0,0
12,12,21,17,360.9884396,2,0.4,1,0.278023121,1,1
14,8,8,20,530.6997454,1,0.25,0,0,0,0
13,13,14,14,0,4,0.8,1,1,1,1
5,5,8,14,292.6825034,2,0.5,1,0.414634993,1,1
5,2,8,9,678.6968615,0,0,0.666666667,0,0,0
0,0,25,26,54.79669247,2,0.285714286,0.6,0.890406615,1,1
5,7,18,6,667.3752731,1,0.2,1,0,0,0
4,4,25,14,289.1183481,2,0.666666667,1,0.421763304,1,1
11,11,16,12,37.24636794,2,0.4,0.571428571,0.925507264,1,1
11,7,21,8,390.954149,0,0,1,0.218091702,0,0
14,9,26,14,309.1467117,0,0,1,0.381706577,0,0
12,12,9,3,668.6556057,1,0.333333333,1,0,1,1
0,11,13,26,602.2008738,0,0,0,0,0,0
1,13,12,20,449.7517946,1,0.333333333,0.625,0.100496411,0,0
11,11,11,12,261.7887961,0,0,1,0.476422408,1,1
4,4,10,7,573.9341364,1,0.2,1,0,1,1
13,13,10,14,698.2214735,3,0.6,1,0,1,0
6,11,9,8,678.6968615,0,0,1,0,0,0
2,13,15,14,156.7791343,1,0.333333333,0,0.686441731,0,0
11,11,16,20,415.2507603,1,0.25,1,0.169498479,1,1
6,12,11,12,261.7887961,1,0.25,1,0.476422408,0,0
1,7,9,6,495.3446881,1,0.25,1,0.009310624,0,0
8,8,2,13,849.6043535,0,0,1,0,1,1
11,11,2,3,27.18545445,1,0.2,1,0.945629091,1,1
1,1,2,1,149.3857653,5,0.625,0.444444444,0.701228469,1,0
12,12,23,17,594.1967862,4,0.8,1,0,1,1
13,1,13,1,787.2050998,2,0.25,0.777777778,0,0,0
12,12,21,17,360.9884396,1,0.2,1,0.278023121,1,1
8,8,17,20,96.32959931,4,1,1,0.807340801,1,1
10,10,20,24,112.2507445,1,0.25,1,0.775498511,1,1
13,13,13,14,900.3288117,2,0.5,1,0,1,1
3,8,7,15,55.59746332,1,0.2,1,0.888805073,0,0
11,11,19,11,272.661695,1,0.5,1,0.45467661,1,1
7,12,26,3,291.9861079,1,0.333333333,1,0.416027784,0,0
3,3,0,23,143.4596778,2,0.5,1,0.713080644,1,1
4,4,8,9,678.6968615,2,0.5,1,0,1,1
9,9,7,24,392.6682891,3,0.6,1,0.214663422,1,1
2,12,18,23,800.8220874,1,0.2,1,0,0,0
1,14,14,0,229.1386131,1,0.2,1,0.541722774,0,0
5,11,9,3,668.6556057,0,0,1,0,0,0
4,4,0,9,533.4167426,4,0.666666667,1,0,1,0
10,10,21,24,375.1155189,3,0.75,0.142857143,0.249768962,1,1
11,11,19,20,453.3828563,1,0.25,1,0.093234287,1,1
12,12,23,14,336.3409419,1,0.5,1,0.327318116,1,1
11,11,8,12,81.0006213,3,0.6,1,0.837998757,1,1
11,11,6,25,167.6374652,2,0.4,0.375,0.66472507,1,1
8,8,2,20,502.5254051,1,0.25,1,0,1,1
4,3,14,24,418.8035839,0,0,1,0.162392832,0,0
6,10,9,11,375.5960186,1,0.25,1,0.248807963,0,0
10,7,8,6,320.3137552,3,0.6,1,0.35937249,0,0
5,5,25,10,428.9659687,2,0.666666667,0.333333333,0.142068063,1,1
3,3,16,23,121.4221296,3,0.75,1,0.757155741,1,1
0,9,5,21,347.2121096,1,0.25,1,0.305575781,0,0
5,13,9,14,554.9672822,0,0,1,0,0,0
6,7,13,17,613.6878305,2,0.5,1,0,0,0
0,13,12,19,18.03136586,0,0,1,0.963937268,0,0
7,7,22,17,358.3427684,5,0.5,1,0.283314463,1,1
13,8,17,20,96.32959931,1,0.25,1,0.807340801,0,0
6,3,11,13,532.8326507,2,0.333333333,1,0,0,0
0,0,7,8,161.9920947,2,0.666666667,1,0.676015811,1,1
9,9,0,25,92.32320602,3,0.75,1,0.815353588,1,1
12,12,21,6,482.0173381,2,0.5,1,0.035965324,1,1
11,11,6,8,320.3137552,2,0.5,1,0.35937249,1,0
12,13,21,14,119.3693561,0,0,1,0.761261288,0,0
12,2,0,9,533.4167426,1,0.333333333,1,0,0,0
2,13,18,14,624.8795738,1,0.25,1,0,0,0
2,15,1,14,368.0919059,2,0.333333333,1,0.263816188,0,0
15,15,15,24,446.38741,4,0.666666667,1,0.10722518,1,1
0,0,25,13,642.1647193,3,0.75,1,0,1,1
5,9,11,25,118.447377,2,0.5,1,0.763105246,0,0
1,1,9,3,668.6556057,2,0.285714286,1,0,1,1
12,12,3,23,146.1012142,1,0.2,0.5,0.707797572,1,1
2,10,1,6,278.2534971,3,0.6,1,0.443493006,0,0
6,9,2,24,444.6866528,2,0.666666667,1,0.110626694,0,0
13,13,19,4,154.3331191,0,0,1,0.691333762,1,1
8,14,1,23,36.18438751,3,0.75,1,0.927631225,0,0
7,1,5,3,80.99579025,1,0.142857143,1,0.83800842,0,0
13,13,13,14,900.3288117,3,0.75,0.25,0,1,1
5,6,17,23,594.1967862,1,0.2,0.8,0,0,0
11,11,16,25,119.1958971,2,0.4,1,0.761608206,1,1
6,6,17,23,594.1967862,3,0.6,1,0,1,1
11,9,20,11,239.6384912,2,0.5,1,0.520723018,0,0
5,5,9,2,650.1119381,3,0.5,1,0,1,1
5,5,11,4,118.447377,1,0.5,1,0.763105246,1,0
12,5,3,2,27.18545445,2,0.333333333,0.2,0.945629091,0,0
4,4,8,9,678.6968615,2,0.333333333,1,0,1,1
8,4,1,14,368.0919059,2,0.666666667,1,0.263816188,0,0
11,11,21,11,370.8582715,1,0.5,0.833333333,0.258283457,1,1
1,7,14,17,454.5440368,1,0.25,0.5,0.090911926,0,0
6,2,2,21,328.719615,1,0.166666667,0.6,0.34256077,0,0
13,13,13,20,554.8497332,2,0.666666667,0.125,0,1,1
2,2,0,9,533.4167426,2,0.666666667,1,0,1,1
2,12,15,23,197.5453915,3,1,0,0.604909217,0,0
10,8,21,15,267.1636931,2,0.4,0.25,0.465672614,0,0
11,11,16,4,119.1958971,1,0.333333333,1,0.761608206,1,1
11,11,22,4,129.0909271,2,0.666666667,1,0.741818146,1,1
4,6,0,23,143.4596778,1,0.2,1,0.713080644,0,0
13,13,14,19,239.7000746,3,1,0.555555556,0.520599851,1,1
10,6,8,23,67.87420754,2,0.4,1,0.864251585,0,0
11,11,22,3,226.4169391,1,0.2,1,0.547166122,1,1
1,13,14,20,423.583243,1,0.333333333,0.375,0.152833514,0,0
4,4,0,9,533.4167426,2,0.5,1,0,1,1
3,3,7,13,837.7625844,3,0.5,1,0,1,0
2,13,3,14,221.5688302,1,0.2,1,0.55686234,0,0
0,3,7,20,432.6582707,3,1,0.444444444,0.134683459,0,0
2,1,0,24,320.314241,1,0.166666667,1,0.359371518,0,0
5,5,25,2,216.0412369,3,0.5,0.6,0.567917526,1,1
12,1,14,24,418.8035839,1,0.166666667,1,0.162392832,0,0
7,13,22,5,200.5279665,4,0.8,1,0.598944067,0,0
1,11,9,3,668.6556057,1,0.2,1,0,0,0
3,3,7,24,392.6682891,3,0.75,1,0.214663422,1,1
8,8,1,8,84.53928451,3,1,1,0.830921431,1,1
10,12,0,14,229.1386131,0,0,0,0.541722774,0,0
14,14,17,23,594.1967862,3,0.75,1,0,1,1
12,12,16,23,121.4221296,2,0.666666667,0.888888889,0.757155741,1,1
12,12,14,3,221.5688302,2,0.666666667,1,0.55686234,1,1
4,12,8,23,67.87420754,2,0.4,1,0.864251585,0,0
12,12,14,4,289.1183481,3,0.75,1,0.421763304,1,1
1,12,9,17,105.9684065,2,0.4,1,0.788063187,0,0
12,10,25,24,239.1748601,3,0.75,1,0.52165028,0,0
1,5,15,14,156.7791343,1,0.25,1,0.686441731,0,0
8,8,17,8,603.8079644,2,0.666666667,1,0,1,1
14,14,8,23,67.87420754,3,0.75,0,0.864251585,1,0
12,1,9,1,693.2409871,2,0.25,0.444444444,0,0,0
3,12,16,23,121.4221296,1,0.333333333,1,0.757155741,0,0
1,1,14,24,418.8035839,2,0.333333333,1,0.162392832,1,1
12,12,16,23,121.4221296,2,0.666666667,1,0.757155741,1,1
5,5,1,2,149.3857653,2,0.333333333,1,0.701228469,1,1
4,12,22,17,358.3427684,2,0.4,1,0.283314463,0,0
11,9,1,14,368.0919059,2,0.666666667,1,0.263816188,0,0
13,13,13,14,900.3288117,3,1,0.166666667,0,1,1
13,11,13,8,831.8156177,1,0.25,1,0,0,0
5,10,25,24,239.1748601,2,0.5,0.428571429,0.52165028,0,0
11,5,19,4,154.3331191,2,1,1,0.691333762,0,0
11,11,8,4,222.4229934,2,0.666666667,1,0.555154013,1,1
1,9,9,24,238.0573937,3,1,1,0.523885213,0,0
7,10,26,6,162.8276374,0,0,1,0.674344725,0,0
13,3,13,5,799.7005097,0,0,0.714285714,0,0,0
13,13,13,5,799.7005097,4,0.8,0.625,0,1,0
4,4,14,14,0,0,0,1,1,1,1
9,9,7,25,197.2927896,2,0.5,1,0.605414421,1,1
11,11,16,3,122.3224285,1,0.2,0.8,0.755355143,1,1
12,8,14,15,156.7791343,0,0,1,0.686441731,0,0
10,7,13,7,837.7625844,4,0.8,0,0,0,0
9,11,26,3,291.9861079,2,0.4,0.2,0.416027784,0,0
11,12,22,12,177.8224258,2,0.5,1,0.644355148,0,0
12,12,21,16,304.5544036,3,0.428571429,1,0.390891193,1,1
0,9,8,21,390.954149,1,0.25,1,0.218091702,0,0
3,11,16,11,237.5636006,1,0.5,1,0.524872799,0,0
10,3,15,24,446.38741,1,0.25,1,0.10722518,0,0
12,12,16,3,122.3224285,3,1,1,0.755355143,1,1
6,11,17,4,402.5154583,1,0.333333333,1,0.194969083,0,0
10,2,23,9,660.8026814,1,0.333333333,1,0,0,0
5,5,9,10,757.7832209,2,0.666666667,1,0,1,1
3,3,5,6,291.8746743,1,0.5,1,0.416250651,1,1
4,4,10,9,757.7832209,1,0.166666667,1,0,1,1
13,13,3,5,80.99579025,2,0.4,0.375,0.83800842,1,1
2,3,23,5,79.94439811,2,0.666666667,0.571428571,0.840111204,0,0
10,12,8,4,222.4229934,4,1,1,0.555154013,0,0
10,10,0,6,242.5969539,1,0.333333333,0,0.514806092,1,1
3,3,16,24,350.2857124,3,0.75,1,0.299428575,1,1
11,8,21,20,350.214216,0,0,1,0.299571568,0,0
6,6,13,23,774.5366247,2,0.4,1,0,1,1
8,4,1,9,693.2409871,3,0.5,1,0,0,0
13,11,17,25,402.5154583,3,0.6,1,0.194969083,0,0
13,10,3,6,371.5600536,0,0,1,0.256879893,0,0
12,13,14,14,0,1,0.333333333,1,1,0,0
11,2,16,21,304.5544036,1,0.166666667,0.8,0.390891193,0,0
2,10,1,0,179.6140999,2,0.4,0.625,0.6407718,0,0
2,12,15,6,389.5869107,2,0.5,0,0.220826179,0,0
8,6,1,23,36.18438751,2,0.4,1,0.927631225,0,0
4,13,17,20,96.32959931,1,0.333333333,0,0.807340801,0,0
11,13,6,4,167.6374652,2,0.5,0.375,0.66472507,0,0
12,12,16,23,121.4221296,4,0.8,1,0.757155741,1,1
10,10,11,6,138.1985022,0,0,1,0.723602996,1,1
12,12,23,3,146.1012142,2,0.666666667,1,0.707797572,1,0
11,10,19,6,281.7166932,4,0.8,1,0.436566614,0,0
10,5,22,10,557.0317973,1,0.333333333,0.777777778,0,0,0
12,12,0,14,229.1386131,1,0.5,1,0.541722774,1,1
5,5,10,2,517.8469531,4,0.666666667,1,0,1,1
5,5,0,10,469.1200783,2,0.666666667,0,0.061759843,1,1
14,0,15,26,283.8480306,0,0,1,0.432303939,0,0
12,0,21,13,870.8423076,3,0.75,1,0,0,0
12,1,0,24,320.314241,2,0.333333333,1,0.359371518,0,0
13,13,26,14,309.1467117,4,0.8,1,0.381706577,1,1
3,3,26,23,249.4772077,2,0.5,0.75,0.501045585,1,1
11,11,2,4,216.0412369,2,0.666666667,1,0.567917526,1,1
12,12,21,16,304.5544036,2,0.285714286,1,0.390891193,1,1
5,5,9,4,465.3307303,1,0.5,1,0.069338539,1,1
8,7,22,12,177.8224258,2,0.4,1,0.644355148,0,0
13,3,13,13,0,1,0.166666667,1,1,0,0
8,8,21,8,390.954149,2,0.666666667,1,0.218091702,1,0
2,11,7,26,236.2342248,0,0,1,0.52753155,0,0
13,13,18,19,728.1327401,3,1,1,0,1,1
4,11,25,11,118.447377,1,0.5,1,0.763105246,0,0
13,13,10,4,428.9659687,2,0.5,1,0.142068063,1,1
11,14,8,0,145.5019361,2,0.4,1,0.708996128,0,0
11,5,21,4,320.9274973,0,0,1,0.358145005,0,0
10,10,9,6,495.3446881,2,0.666666667,0.555555556,0.009310624,1,1
11,11,11,20,239.6384912,1,0.25,1,0.520723018,1,1
0,11,8,25,222.4229934,1,0.2,1,0.555154013,0,0
11,4,2,9,650.1119381,1,0.25,1,0,0,0
1,0,14,26,309.1467117,1,0.142857143,1,0.381706577,0,0
1,10,2,24,444.6866528,2,0.5,0.571428571,0.110626694,0,0
11,13,2,14,226.3700523,0,0,1,0.547259895,0,0
10,10,15,6,389.5869107,4,0.8,1,0.220826179,1,1
5,9,18,24,406.767362,1,0.333333333,1,0.186465276,0,0
6,3,11,5,293.1207982,1,0.333333333,0.857142857,0.413758404,0,0
1,7,2,8,67.42131432,3,0.5,0.8,0.865157371,0,0
4,14,13,23,774.5366247,1,0.25,1,0,0,0
8,12,1,16,157.4359486,4,0.571428571,0.875,0.685128103,0,0
4,12,14,14,0,0,0,1,1,0,0
1,8,9,13,544.2954242,3,1,1,0,0,0
5,4,10,9,757.7832209,3,0.5,1,0,0,0
4,5,13,2,849.6043535,1,0.166666667,0.6,0,0,0
10,10,21,6,482.0173381,1,0.333333333,0.111111111,0.035965324,1,1
4,4,8,7,161.9920947,1,0.2,1,0.676015811,1,1
10,12,23,17,594.1967862,2,0.4,1,0,0,0
0,12,12,24,380.7360081,2,0.4,1,0.238527984,0,0
13,13,26,5,229.4043378,3,0.6,0.625,0.541191324,1,1
11,8,16,13,756.6713161,1,0.333333333,1,0,0,0
3,10,16,11,237.5636006,2,0.5,1,0.524872799,0,0
10,10,20,6,370.4126183,1,0.333333333,0.666666667,0.259174763,1,1
13,13,26,19,207.2361745,3,1,0.555555556,0.585527651,1,0
11,4,19,9,601.4282767,4,0.666666667,1,0,0,0
4,4,5,9,626.9988017,1,0.166666667,1,0,1,1
6,9,11,24,138.0343143,2,0.666666667,1,0.723931371,0,0
12,12,0,4,92.32320602,4,1,1,0.815353588,1,1
2,12,1,4,227.9769951,1,0.25,1,0.54404601,0,0
14,14,15,10,585.9632098,2,0.5,1,0,1,1
10,12,22,23,260.586322,2,0.4,1,0.478827356,0,0
11,7,8,17,603.8079644,6,0.6,1,0,0,0
4,5,10,14,698.2214735,0,0,1,0,0,0
13,13,10,19,471.9755865,3,1,1,0.056048827,1,1
0,0,12,13,770.7635439,3,0.75,1,0,1,1
12,0,16,26,170.7320557,3,0.428571429,1,0.658535889,0,0
10,10,13,11,532.8326507,3,0.75,0,0,1,1
10,10,22,6,293.406822,1,0.333333333,0.777777778,0.413186356,1,1
0,0,2,26,267.4122981,3,0.428571429,1,0.465175404,1,1
8,13,22,4,129.0909271,2,0.5,0.875,0.741818146,0,0
10,1,23,3,146.1012142,4,0.571428571,1,0.707797572,0,0
5,5,13,19,785.7346913,2,0.666666667,1,0,1,1
12,12,16,14,230.4635089,0,0,1,0.539072982,1,1
5,5,17,10,744.6201018,3,1,0.444444444,0,1,1
10,10,15,6,389.5869107,1,0.333333333,1,0.220826179,1,1
11,3,20,13,554.8497332,3,0.5,0,0,0,0
1,1,12,1,121.9570243,4,0.5,0.555555556,0.756085951,1,1
14,5,17,4,402.5154583,1,0.5,1,0.194969083,0,0
2,11,9,3,668.6556057,1,0.2,1,0,0,0
2,12,11,23,301.9152493,0,0,0.777777778,0.396169501,0,0
7,7,26,6,162.8276374,2,0.5,1,0.674344725,1,1
9,12,6,14,456.6915338,0,0,0.428571429,0.086616932,0,0
5,5,18,14,624.8795738,4,1,1,0,1,1
5,7,13,7,837.7625844,4,0.8,0.666666667,0,0,0
13,13,13,14,900.3288117,4,0.8,1,0,1,1
4,9,8,24,460.71136,2,0.4,1,0.07857728,0,0
4,7,17,17,0,2,0.5,0,1,0,0
14,7,10,12,454.3342301,1,0.2,1,0.09133154,0,0
2,2,23,9,660.8026814,2,0.666666667,0.666666667,0,1,1
4,4,25,7,197.2927896,2,0.4,1,0.605414421,1,0
5,5,24,19,388.0751726,2,0.666666667,1,0.223849655,1,1
10,7,22,7,134.890181,0,0,1,0.730219638,0,0
11,11,1,4,227.9769951,2,0.666666667,0.571428571,0.54404601,1,1
6,11,11,3,359.6971738,2,0.4,1,0.280605652,0,0
10,9,0,24,320.314241,0,0,1,0.359371518,0,0
0,13,1,14,368.0919059,0,0,1,0.263816188,0,0
5,5,25,19,154.3331191,1,0.333333333,0.75,0.691333762,1,1
5,11,10,11,424.9081733,1,0.5,1,0.150183653,0,0
4,2,0,21,292.2841209,2,0.333333333,1,0.415431758,0,0
13,13,17,4,402.5154583,2,0.5,1,0.194969083,1,1
9,9,6,24,260.6205128,2,0.4,0.428571429,0.478758974,1,0
0,9,12,24,380.7360081,1,0.2,1,0.238527984,0,0
5,12,18,12,728.0490632,1,0.25,0.5,0,0,0
12,3,9,24,238.0573937,0,0,0.5,0.523885213,0,0
11,11,8,17,603.8079644,3,0.6,1,0,1,1
8,8,2,8,67.42131432,1,0.333333333,1,0.865157371,1,1
13,13,14,4,289.1183481,2,0.5,0.625,0.421763304,1,1
6,6,0,23,143.4596778,2,0.4,1,0.713080644,1,1
4,4,17,14,454.5440368,2,0.666666667,0,0.090911926,1,1
13,12,14,14,0,2,0.333333333,1,1,0,0
5,5,3,14,221.5688302,2,0.5,1,0.55686234,1,1
11,11,16,3,122.3224285,2,0.4,1,0.755355143,1,1
4,4,13,9,544.2954242,2,0.5,0.6,0,1,1
5,5,18,2,767.4284917,4,0.666666667,0.4,0,1,1
11,7,10,20,648.3022927,0,0,0.555555556,0,0,0
5,5,13,2,849.6043535,4,0.666666667,1,0,1,1
12,12,16,14,230.4635089,1,0.5,1,0.539072982,1,1
0,0,13,8,831.8156177,2,0.666666667,0,0,1,1
0,0,13,13,0,2,0.5,1,1,1,1
2,2,1,21,457.3701199,3,0.5,1,0.08525976,1,1
12,7,16,17,487.7096492,1,0.25,1,0.024580702,0,0
10,10,22,24,262.1016295,2,0.5,1,0.475796741,1,1
8,5,21,19,325.2335898,1,0.333333333,1,0.34953282,0,0
2,9,23,14,336.3409419,0,0,1,0.327318116,0,0
9,8,21,13,870.8423076,1,0.333333333,1,0,0,0
4,4,14,10,698.2214735,1,0.2,1,0,1,1
14,2,8,9,678.6968615,2,0.666666667,0,0,0,0
13,13,13,14,900.3288117,3,0.6,0.25,0,1,0
2,11,7,12,122.5411513,2,0.4,1,0.754917697,0,0
10,10,22,11,200.5315688,2,0.5,1,0.598936862,1,1
8,10,1,0,179.6140999,3,0.6,0.875,0.6407718,0,0
4,10,8,6,320.3137552,2,0.4,1,0.35937249,0,0
10,13,21,5,347.2121096,1,0.2,0.125,0.305575781,0,0
4,9,17,24,208.5258395,2,0.666666667,1,0.582948321,0,0
14,14,2,0,125.5448602,2,0.4,0,0.74891028,1,1
3,3,5,5,0,2,0.666666667,1,1,1,1
13,9,3,21,329.5364311,2,0.5,0.5,0.340927138,0,0
11,11,16,4,119.1958971,2,0.666666667,0.571428571,0.761608206,1,1
9,7,21,8,390.954149,2,0.333333333,0.8,0.218091702,0,0
5,5,13,14,900.3288117,2,0.5,1,0,1,1
12,1,21,3,329.5364311,3,0.428571429,1,0.340927138,0,0
13,13,3,14,221.5688302,2,0.5,0.75,0.55686234,1,0
4,5,13,19,785.7346913,0,0,0.75,0,0,0
3,3,26,24,184.4198153,2,0.5,0.375,0.631160369,1,1
6,6,24,23,433.13252,1,0.2,1,0.13373496,1,1
7,7,22,6,293.406822,4,0.8,1,0.413186356,1,1
4,4,10,14,698.2214735,0,0,1,0,1,0
6,3,9,5,626.9988017,2,0.666666667,0.857142857,0,0,0
12,12,21,14,119.3693561,1,0.5,1,0.761261288,1,1
10,10,23,11,301.9152493,2,0.5,1,0.396169501,1,1
3,13,16,20,415.2507603,2,0.666666667,1,0.169498479,0,0
12,12,25,14,289.1183481,2,0.333333333,1,0.421763304,1,1
11,11,16,8,116.1169583,3,0.75,1,0.767766083,1,1
10,10,8,11,337.9260291,2,0.5,1,0.324147942,1,1
3,4,23,10,395.3722334,2,0.4,1,0.209255533,0,0
0,0,3,13,876.5375342,2,0.5,1,0,1,1
9,9,7,11,306.2605298,3,0.75,1,0.38747894,1,1
12,11,16,11,237.5636006,1,0.5,1,0.524872799,0,0
0,0,6,13,511.9180878,3,0.75,0,0,1,1
1,13,14,14,0,2,0.5,1,1,0,0
5,5,18,4,610.3246328,1,0.5,1,0,1,0
4,7,17,6,466.1009945,2,0.5,0,0.067798011,0,0
10,10,20,6,370.4126183,2,0.4,1,0.259174763,1,1
10,1,0,1,179.6140999,1,0.125,0,0.6407718,0,0
11,11,11,11,0,0,0,1,1,1,1
12,4,16,9,563.2967032,1,0.333333333,1,0,0,0
1,3,9,20,148.0463207,2,0.666666667,0.777777778,0.703907359,0,0
10,9,20,24,112.2507445,1,0.2,1,0.775498511,0,0
9,5,10,14,698.2214735,1,0.25,1,0,0,0
0,0,12,26,198.1177027,3,0.428571429,1,0.603764595,1,1
11,10,1,0,179.6140999,2,0.4,0.5,0.6407718,0,0
14,14,2,10,517.8469531,2,0.5,0,0,1,1
11,11,8,8,0,4,1,1,1,1,1
11,11,11,8,337.9260291,2,0.5,1,0.324147942,1,1
11,11,20,26,267.7867216,3,0.75,0,0.464426557,1,1
10,1,20,3,521.5485808,2,0.285714286,1,0,0,0
11,11,8,20,530.6997454,2,0.5,0.888888889,0,1,1
6,4,11,10,424.9081733,3,0.6,0.777777778,0.150183653,0,0
12,12,0,16,30.16075829,4,0.571428571,1,0.939678483,1,1
11,11,21,25,320.9274973,1,0.2,0.625,0.358145005,1,1
5,5,10,14,698.2214735,4,1,1,0,1,1
1,13,16,19,38.24081332,1,0.333333333,1,0.923518373,0,0
6,7,24,6,260.6205128,0,0,1,0.478758974,0,0
2,1,15,24,446.38741,2,0.333333333,1,0.10722518,0,0
1,0,9,26,412.5780046,2,0.285714286,1,0.174843991,0,0
6,4,4,14,289.1183481,1,0.333333333,0.5,0.421763304,0,0
9,14,26,0,141.9858991,1,0.2,0.5,0.716028202,0,0
9,7,21,6,482.0173381,1,0.25,0.666666667,0.035965324,0,0
2,4,11,7,306.2605298,0,0,1,0.38747894,0,0
10,10,20,11,239.6384912,2,0.5,1,0.520723018,1,1
11,11,16,8,116.1169583,1,0.25,1,0.767766083,1,1
10,9,13,21,870.8423076,1,0.25,0,0,0,0
1,13,12,14,254.6245429,2,0.5,1,0.490750914,0,0
11,11,19,26,207.2361745,1,0.25,1,0.585527651,1,1
7,7,26,12,198.1177027,2,0.4,1,0.603764595,1,1
6,7,2,7,99.22387628,2,0.666666667,1,0.801552247,0,0
5,5,1,10,381.4952739,1,0.333333333,1,0.237009452,1,0
8,11,2,25,216.0412369,1,0.2,0.75,0.567917526,0,0
8,8,5,8,52.59057074,1,0.333333333,1,0.894818859,1,1
8,8,22,15,190.3858738,4,0.8,1,0.619228252,1,1
5,13,1,14,368.0919059,0,0,1,0.263816188,0,0
9,12,7,16,104.4137395,2,0.285714286,1,0.791172521,0,0
10,3,21,24,375.1155189,1,0.25,0.125,0.249768962,0,0
8,11,1,20,547.1521528,1,0.25,0.777777778,0,0,0
12,9,0,25,92.32320602,1,0.25,1,0.815353588,0,0
10,10,23,24,433.13252,2,0.5,1,0.13373496,1,1
3,3,23,5,79.94439811,3,1,1,0.840111204,1,1
14,8,10,20,648.3022927,0,0,0,0,0,0
12,12,9,23,660.8026814,1,0.333333333,0.444444444,0,1,1
4,4,25,9,465.3307303,2,0.333333333,1,0.069338539,1,1
3,12,0,23,143.4596778,1,0.333333333,1,0.713080644,0,0
13,4,17,9,105.9684065,2,0.666666667,1,0.788063187,0,0
0,9,7,14,133.6633552,0,0,1,0.73267329,0,0
5,5,25,14,289.1183481,2,0.5,1,0.421763304,1,1
14,8,10,8,462.2786052,1,0.333333333,1,0.07544279,0,0
7,1,22,1,296.7703209,4,0.5,1,0.406459358,0,0
4,5,0,14,229.1386131,1,0.25,1,0.541722774,0,0
12,12,16,24,350.2857124,3,0.6,1,0.299428575,1,1
4,6,14,23,336.3409419,0,0,1,0.327318116,0,0
7,7,26,6,162.8276374,3,0.6,1,0.674344725,1,1
1,12,16,3,122.3224285,1,0.333333333,1,0.755355143,0,0
4,4,8,10,462.2786052,1,0.2,1,0.07544279,1,1
0,13,2,14,226.3700523,1,0.2,1,0.547259895,0,0
11,11,19,26,207.2361745,3,0.75,0.222222222,0.585527651,1,1
9,9,0,14,229.1386131,2,0.666666667,1,0.541722774,1,1
12,2,0,9,533.4167426,2,0.666666667,0,0,0,0
5,7,11,8,337.9260291,1,0.166666667,1,0.324147942,0,0
12,7,16,7,104.4137395,1,0.2,0.888888889,0.791172521,0,0
4,7,8,17,603.8079644,4,0.4,1,0,0,0
2,2,7,21,229.6750103,3,0.5,1,0.540649979,1,1
13,13,18,5,754.5357663,3,0.6,1,0,1,1
2,2,7,9,577.5053357,1,0.333333333,1,0,1,1
13,13,13,19,785.7346913,2,0.666666667,0.777777778,0,1,1
8,8,21,15,267.1636931,2,0.4,1,0.465672614,1,1
11,11,21,26,320.5271909,1,0.25,0.555555556,0.358945618,1,1
3,3,26,5,229.4043378,2,0.666666667,0.428571429,0.541191324,1,1
0,0,18,26,562.1158225,5,0.714285714,0.4,0,1,0
2,2,15,9,633.0655381,3,1,0,0,1,1
0,9,25,14,289.1183481,0,0,0.75,0.421763304,0,0
7,7,22,8,252.6183494,4,0.666666667,1,0.494763301,1,1
12,7,16,6,259.1116281,2,0.5,1,0.481776744,0,0
12,12,25,16,119.1958971,3,0.428571429,1,0.761608206,1,1
12,12,25,23,195.6258685,4,0.8,1,0.608748263,1,1
6,2,13,21,870.8423076,3,0.5,1,0,0,0
10,10,11,11,0,2,0.5,1,1,1,0
11,1,19,1,132.1368455,3,0.375,0.222222222,0.735726309,0,0
0,7,13,6,511.9180878,3,0.6,0,0,0,0
9,9,7,24,392.6682891,2,0.666666667,1,0.214663422,1,1
13,12,13,24,496.4301125,2,0.4,0.555555556,0.007139775,0,0
12,12,0,14,229.1386131,2,1,0,0.541722774,1,1
11,11,21,8,390.954149,1,0.25,1,0.218091702,1,1
1,3,0,23,143.4596778,2,0.5,1,0.713080644,0,0
1,8,9,13,544.2954242,2,0.666666667,1,0,0,0
9,9,10,24,536.1089507,2,0.666666667,1,0,1,1
14,10,17,0,458.7538511,2,0.4,1,0.082492298,0,0
11,4,10,7,573.9341364,0,0,0.714285714,0,0,0
8,8,19,13,785.7346913,0,0,1,0,1,1
4,8,8,15,142.1407657,1,0.2,1,0.715718469,0,0
1,10,15,6,389.5869107,2,0.4,1,0.220826179,0,0
5,13,18,20,298.8521244,1,0.333333333,1,0.402295751,0,0
10,10,13,6,511.9180878,4,0.8,0,0,1,1
2,2,3,9,668.6556057,2,0.666666667,1,0,1,1
3,3,26,6,162.8276374,1,0.5,0.428571429,0.674344725,1,1
5,5,17,14,454.5440368,2,0.5,1,0.090911926,1,1
9,9,0,11,209.9077944,4,1,1,0.580184411,1,1
8,8,13,8,831.8156177,2,0.666666667,1,0,1,1
6,8,13,15,882.1921595,2,0.4,1,0,0,0
4,4,25,9,465.3307303,2,0.666666667,1,0.069338539,1,1
6,6,21,23,422.7411443,2,0.4,1,0.154517711,1,0
10,10,9,24,238.0573937,2,0.5,0.714285714,0.523885213,1,1
4,7,10,17,744.6201018,2,0.5,1,0,0,0
11,11,10,26,442.762744,2,0.5,0.555555556,0.114474512,1,1
14,14,15,23,197.5453915,2,0.5,1,0.604909217,1,1
7,7,22,6,293.406822,3,0.75,1,0.413186356,1,1
2,2,0,21,292.2841209,3,0.5,1,0.415431758,1,1
13,12,13,6,511.9180878,0,0,0.2,0,0,0
1,10,9,11,375.5960186,0,0,1,0.248807963,0,0
12,12,16,12,37.24636794,4,1,1,0.925507264,1,1
10,10,23,0,143.4596778,2,0.4,0.875,0.713080644,1,1
8,8,19,8,79.00629062,1,0.333333333,1,0.841987419,1,1
10,13,21,4,320.9274973,1,0.25,0.125,0.358145005,0,0
4,4,0,10,469.1200783,2,0.4,1,0.061759843,1,0
0,7,13,7,837.7625844,4,0.8,0,0,0,0
14,5,10,19,471.9755865,1,0.333333333,1,0.056048827,0,0
7,7,5,17,551.3206471,2,0.2,1,0,1,1
0,13,25,4,0,1,0.25,0.375,1,0,0
11,6,16,23,121.4221296,2,0.4,1,0.757155741,0,0
11,11,6,3,371.5600536,2,0.4,0.6,0.256879893,1,1
12,7,0,8,145.5019361,2,0.333333333,1,0.708996128,0,0
13,8,17,13,613.6878305,2,0.666666667,1,0,0,0
0,3,8,5,52.59057074,1,0.333333333,1,0.894818859,0,0
12,12,9,16,563.2967032,2,0.285714286,0.5,0,1,1
1,12,15,23,197.5453915,1,0.333333333,0.777777778,0.604909217,0,0
11,11,6,17,466.1009945,1,0.2,1,0.067798011,1,1
1,7,9,7,577.5053357,1,0.2,0.555555556,0,0,0
6,13,22,14,172.6366887,1,0.2,1,0.654726623,0,0
2,2,11,9,375.5960186,1,0.333333333,1,0.248807963,1,1
12,12,21,24,375.1155189,3,0.6,1,0.249768962,1,1
12,12,23,14,336.3409419,5,0.833333333,1,0.327318116,1,1
5,5,13,10,563.1117641,3,1,0.666666667,0,1,1
8,8,1,13,787.2050998,1,0.333333333,1,0,1,1
12,12,16,4,119.1958971,3,0.75,1,0.761608206,1,1
5,5,17,2,568.4296926,3,0.5,0.8,0,1,1
4,6,22,23,260.586322,2,0.4,1,0.478827356,0,0
4,6,8,23,67.87420754,1,0.2,1,0.864251585,0,0
11,11,21,17,360.9884396,1,0.2,1,0.278023121,1,1
10,10,11,6,138.1985022,4,0.8,1,0.723602996,1,1
11,12,19,23,97.93402632,1,0.333333333,0.222222222,0.804131947,0,0
11,11,22,25,129.0909271,3,0.6,1,0.741818146,1,1
10,10,22,6,293.406822,2,0.4,1,0.413186356,1,1
6,7,2,17,568.4296926,1,0.25,0.5,0,0,0
2,9,1,24,463.4228237,2,0.4,0.714285714,0.073154353,0,0
10,10,11,0,209.9077944,2,0.4,1,0.580184411,1,1
12,12,25,24,239.1748601,3,0.6,0.888888889,0.52165028,1,0
6,0,11,13,532.8326507,1,0.25,1,0,0,0
12,12,3,14,221.5688302,2,0.333333333,1,0.55686234,1,1
1,1,2,24,444.6866528,3,0.5,1,0.110626694,1,1
13,7,13,12,770.7635439,1,0.2,1,0,0,0
12,12,3,16,122.3224285,2,0.285714286,0.125,0.755355143,1,1
6,6,4,23,195.6258685,3,0.6,0.4,0.608748263,1,1
12,12,0,24,320.314241,4,0.8,1,0.359371518,1,1
7,7,5,17,551.3206471,1,0.25,1,0,1,1
1,11,9,8,678.6968615,2,0.5,1,0,0,0
12,11,21,25,320.9274973,0,0,1,0.358145005,0,0
1,12,16,4,119.1958971,1,0.25,1,0.761608206,0,0
14,10,15,11,353.8088231,1,0.25,1,0.292382354,0,0
7,11,22,4,129.0909271,0,0,1,0.741818146,0,0
1,1,9,3,668.6556057,4,0.571428571,1,0,1,1
13,8,13,20,554.8497332,1,0.25,1,0,0,0
4,4,13,10,563.1117641,2,0.4,0.333333333,0,1,1
4,2,14,21,119.3693561,0,0,1,0.761261288,0,0
14,13,26,5,229.4043378,2,0.4,0.625,0.541191324,0,0
3,3,23,20,514.1435906,3,1,1,0,1,0
10,10,21,11,370.8582715,1,0.25,0.2,0.258283457,1,1
10,10,20,6,370.4126183,0,0,1,0.259174763,1,1
0,0,3,8,82.81589132,1,0.333333333,0.333333333,0.834368217,1,1
13,13,18,14,624.8795738,3,0.75,1,0,1,1
3,3,26,20,267.7867216,2,0.666666667,0.333333333,0.464426557,1,1
12,12,21,24,375.1155189,2,0.4,1,0.249768962,1,1
6,12,4,23,195.6258685,1,0.333333333,0.222222222,0.608748263,0,0
6,12,0,23,143.4596778,1,0.333333333,0.888888889,0.713080644,0,0
3,0,16,26,170.7320557,3,0.428571429,1,0.658535889,0,0
11,4,19,9,601.4282767,2,0.333333333,1,0,0,0
11,11,19,4,154.3331191,1,0.333333333,1,0.691333762,1,1
4,5,22,14,172.6366887,0,0,1,0.654726623,0,0
1,7,12,7,122.5411513,2,0.666666667,1,0.754917697,0,0
2,12,9,6,495.3446881,0,0,1,0.009310624,0,0
2,2,23,21,422.7411443,2,0.333333333,0.8,0.154517711,1,1
3,3,23,23,0,3,0.75,1,1,1,1
6,13,4,20,319.2470125,0,0,0.25,0.361505975,0,0
12,10,23,0,143.4596778,2,0.4,1,0.713080644,0,0
9,9,0,24,320.314241,2,0.666666667,1,0.359371518,1,1
5,5,8,19,79.00629062,2,0.666666667,1,0.841987419,1,1
11,11,16,20,415.2507603,2,0.5,0.444444444,0.169498479,1,1
8,7,19,6,281.7166932,0,0,1,0.436566614,0,0
11,11,22,8,252.6183494,4,1,1,0.494763301,1,1
2,1,11,24,138.0343143,1,0.166666667,1,0.723931371,0,0
11,11,2,8,67.42131432,3,0.75,1,0.865157371,1,1
10,10,8,24,460.71136,3,0.75,0.714285714,0.07857728,1,1
12,12,0,14,229.1386131,3,0.5,1,0.541722774,1,0
13,13,10,14,698.2214735,3,0.75,1,0,1,1
5,5,26,14,309.1467117,3,0.75,1,0.381706577,1,1
12,12,21,23,422.7411443,4,0.8,1,0.154517711,1,1
14,14,2,23,124.6590386,2,0.5,0,0.750681923,1,1
5,4,9,9,0,0,0,1,1,0,0
5,5,18,10,938.1157374,3,1,1,0,1,1
5,7,8,12,81.0006213,1,0.2,1,0.837998757,0,0
5,5,18,4,610.3246328,1,0.5,1,0,1,1
12,13,16,14,230.4635089,4,0.8,1,0.539072982,0,0
3,13,5,5,0,1,0.2,1,1,0,0
11,11,6,4,167.6374652,1,0.333333333,0.428571429,0.66472507,1,1
5,11,9,11,375.5960186,0,0,1,0.248807963,0,0
10,7,23,7,202.6876398,2,0.4,1,0.59462472,0,0
8,8,13,15,882.1921595,2,0.4,1,0,1,1
11,7,10,7,573.9341364,1,0.333333333,1,0,0,0
5,4,10,10,0,1,0.2,1,1,0,0
6,7,24,17,208.5258395,0,0,1,0.582948321,0,0
12,12,3,3,0,0,0,0.5,1,1,1
8,9,22,24,262.1016295,3,1,1,0.475796741,0,0
8,8,17,13,613.6878305,1,0.333333333,1,0,1,1
10,9,8,24,460.71136,3,0.6,0.714285714,0.07857728,0,0
10,10,0,6,242.5969539,2,0.4,0,0.514806092,1,1
9,9,21,24,375.1155189,1,0.333333333,1,0.249768962,1,1
5,5,21,4,320.9274973,1,0.5,1,0.358145005,1,1
0,12,1,14,368.0919059,3,0.5,1,0.263816188,0,0
9,5,21,2,328.719615,2,0.333333333,0.8,0.34256077,0,0
13,4,13,10,563.1117641,2,0.4,0.111111111,0,0,0
11,11,19,3,90.82246804,1,0.2,0.4,0.818355064,1,1
7,0,22,26,137.720335,3,0.428571429,1,0.72455933,0,0
11,11,11,4,118.447377,1,0.333333333,1,0.763105246,1,1
11,4,1,9,693.2409871,3,0.75,0.8,0,0,0
1,1,9,24,238.0573937,3,0.5,1,0.523885213,1,1
8,5,1,4,227.9769951,1,0.5,1,0.54404601,0,0
10,12,22,6,293.406822,2,0.5,1,0.413186356,0,0
11,11,2,25,216.0412369,2,0.4,1,0.567917526,1,1
12,12,21,23,422.7411443,2,0.666666667,1,0.154517711,1,1
12,12,14,23,336.3409419,2,0.4,1,0.327318116,1,1
4,4,8,14,292.6825034,2,0.666666667,1,0.414634993,1,1
13,13,17,14,454.5440368,3,0.75,1,0.090911926,1,1
10,10,15,24,446.38741,2,0.5,1,0.10722518,1,0
2,13,11,4,118.447377,0,0,0.875,0.763105246,0,0
11,11,1,26,280.959089,3,0.75,0.444444444,0.438081822,1,1
5,5,10,19,471.9755865,3,1,1,0.056048827,1,1
10,10,22,0,117.3892451,1,0.2,1,0.76522151,1,1
5,3,26,5,229.4043378,1,0.333333333,1,0.541191324,0,0
11,11,8,20,530.6997454,2,0.5,0.222222222,0,1,1
7,7,5,12,31.36839577,0,0,1,0.937263208,1,1
4,4,22,9,443.6814668,2,0.333333333,1,0.112637066,1,1
0,9,12,21,336.5182294,2,0.5,1,0.326963541,0,0
5,5,3,10,541.0324365,2,0.666666667,1,0,1,1
5,5,11,19,272.661695,2,0.666666667,1,0.45467661,1,1
5,5,21,14,119.3693561,2,0.5,1,0.761261288,1,1
0,4,12,9,597.729342,2,0.333333333,1,0,0,0
0,0,6,8,320.3137552,1,0.333333333,0,0.35937249,1,1
12,0,23,13,774.5366247,1,0.25,1,0,0,0
11,11,2,12,79.33296799,2,0.4,1,0.841334064,1,1
14,6,10,23,395.3722334,3,0.6,1,0.209255533,0,0
4,4,5,9,626.9988017,0,0,1,0,1,0
5,14,26,23,249.4772077,1,0.25,1,0.501045585,0,0
11,11,10,20,648.3022927,2,0.5,0.555555556,0,1,1
8,12,17,23,594.1967862,1,0.333333333,1,0,0,0
12,12,0,12,65.02392982,3,0.75,1,0.86995214,1,1
0,12,25,23,195.6258685,3,0.6,1,0.608748263,0,0
6,3,22,5,200.5279665,1,0.333333333,1,0.598944067,0,0
9,5,7,4,197.2927896,1,0.5,1,0.605414421,0,0
0,0,6,26,162.8276374,4,0.571428571,0,0.674344725,1,1
12,12,23,6,262.9324302,2,0.5,1,0.47413514,1,1
9,9,0,24,320.314241,3,0.6,1,0.359371518,1,1
9,13,26,14,309.1467117,2,0.5,0.25,0.381706577,0,0
0,10,2,24,444.6866528,1,0.25,1,0.110626694,0,0
13,13,13,5,799.7005097,3,0.6,0.125,0,1,0
11,12,16,14,230.4635089,1,0.5,1,0.539072982,0,0
0,5,13,19,785.7346913,1,0.333333333,0,0,0,0
4,4,22,14,172.6366887,2,0.666666667,1,0.654726623,1,1
0,0,7,26,236.2342248,4,0.571428571,0.8,0.52753155,1,1
9,9,26,21,320.5271909,3,0.75,0.166666667,0.358945618,1,1
13,13,19,14,239.7000746,0,0,1,0.520599851,1,1
12,9,0,21,292.2841209,2,0.5,0,0.415431758,0,0
5,9,25,21,320.9274973,2,0.5,0.5,0.358145005,0,0
3,12,16,23,121.4221296,3,0.6,1,0.757155741,0,0
7,7,5,20,478.9586662,1,0.25,1,0.042082668,1,1
1,12,16,16,0,2,0.285714286,1,1,0,0
5,5,1,14,368.0919059,1,0.25,1,0.263816188,1,1
6,8,9,15,633.0655381,2,0.4,1,0,0,0
0,7,12,6,265.1565059,2,0.4,1,0.469686988,0,0
11,4,8,14,292.6825034,0,0,0.5,0.414634993,0,0
0,13,8,14,292.6825034,1,0.2,1,0.414634993,0,0
8,1,19,24,388.0751726,1,0.166666667,1,0.223849655,0,0
6,4,0,14,229.1386131,2,0.666666667,1,0.541722774,0,0
5,14,24,10,536.1089507,1,0.25,1,0,0,0
11,11,21,12,336.5182294,1,0.2,0.714285714,0.326963541,1,0
0,3,5,13,799.7005097,3,0.5,1,0,0,0
1,9,9,11,375.5960186,2,0.5,1,0.248807963,0,0
4,4,8,9,678.6968615,1,0.333333333,1,0,1,0
1,10,14,11,373.1640365,0,0,1,0.253671927,0,0
11,3,2,20,502.5254051,2,0.666666667,1,0,0,0
11,4,20,9,148.0463207,2,0.5,0,0.703907359,0,0
12,12,16,23,121.4221296,1,0.2,1,0.757155741,1,0
9,11,21,25,320.9274973,2,0.4,0.5,0.358145005,0,0
5,5,26,19,207.2361745,3,1,1,0.585527651,1,1
13,13,10,14,698.2214735,3,1,1,0,1,1
13,13,19,14,239.7000746,0,0,1,0.520599851,1,1
11,11,1,25,227.9769951,3,0.6,0.5,0.54404601,1,1
8,8,17,20,96.32959931,3,0.75,1,0.807340801,1,1
1,9,12,11,261.7887961,1,0.25,1,0.476422408,0,0
11,11,22,12,177.8224258,2,0.4,1,0.644355148,1,1
12,12,14,12,254.6245429,3,0.75,1,0.490750914,1,1
14,12,10,14,698.2214735,2,0.333333333,1,0,0,0
12,12,21,14,119.3693561,3,0.5,1,0.761261288,1,1
10,4,22,9,443.6814668,2,0.333333333,1,0.112637066,0,0
4,8,13,8,831.8156177,1,0.333333333,0.5,0,0,0
13,13,13,19,785.7346913,3,1,0.111111111,0,1,1
11,11,10,17,744.6201018,2,0.4,1,0,1,1
6,6,11,23,301.9152493,2,0.4,1,0.396169501,1,1
6,12,2,23,124.6590386,1,0.333333333,0.333333333,0.750681923,0,0
11,11,16,17,487.7096492,1,0.2,1,0.024580702,1,1
3,7,26,17,354.1198778,0,0,0.5,0.291760244,0,0
10,12,9,4,465.3307303,1,0.25,1,0.069338539,0,0
11,11,19,12,18.03136586,2,0.4,1,0.963937268,1,1
11,11,20,4,319.2470125,2,0.666666667,0,0.361505975,1,1
13,8,13,8,831.8156177,3,1,0.833333333,0,0,0
6,8,2,15,74.91748634,1,0.2,0.75,0.850165027,0,0
6,7,9,17,105.9684065,0,0,1,0.788063187,0,0
4,4,13,9,544.2954242,1,0.333333333,0.428571429,0,1,1
6,10,11,6,138.1985022,0,0,0.777777778,0.723602996,0,0
11,12,8,4,222.4229934,2,0.5,1,0.555154013,0,0
13,13,3,19,90.82246804,1,0.333333333,0.333333333,0.818355064,1,0
12,12,23,12,86.48642061,4,1,1,0.827027159,1,1
12,12,0,17,458.7538511,3,0.6,0,0.082492298,1,1
11,10,19,6,281.7166932,2,0.666666667,1,0.436566614,0,0
3,3,5,13,799.7005097,2,0.333333333,1,0,1,1
9,9,21,25,320.9274973,1,0.25,1,0.358145005,1,1
10,8,13,20,554.8497332,2,0.5,0,0,0,0
9,9,6,24,260.6205128,1,0.333333333,1,0.478758974,1,1
11,11,11,26,70.08180827,2,0.5,1,0.859836383,1,1
14,2,17,21,360.9884396,1,0.166666667,1,0.278023121,0,0
8,13,21,5,347.2121096,1,0.2,1,0.305575781,0,0
3,3,16,23,121.4221296,2,0.5,1,0.757155741,1,1
0,3,18,6,667.3752731,2,1,0.285714286,0,0,0
0,10,3,24,467.2165077,1,0.25,0.142857143,0.065566985,0,0
3,3,16,6,259.1116281,2,1,1,0.481776744,1,1
3,10,16,6,259.1116281,3,0.6,1,0.481776744,0,0
5,13,11,4,118.447377,0,0,0.75,0.763105246,0,0
5,5,21,10,748.9651673,2,0.666666667,1,0,1,1
14,5,15,10,585.9632098,2,0.666666667,1,0,0,0
2,3,23,20,514.1435906,2,0.666666667,0.444444444,0,0,0
5,5,18,19,728.1327401,3,1,1,0,1,1
5,4,24,14,418.8035839,0,0,1,0.162392832,0,0
1,1,15,3,64.99723022,5,0.714285714,1,0.87000554,1,1
1,12,16,14,230.4635089,0,0,1,0.539072982,0,0
12,12,16,4,119.1958971,3,0.75,1,0.761608206,1,1
13,13,3,4,241.4636112,0,0,0.375,0.517072778,1,1
6,7,0,8,145.5019361,2,0.333333333,1,0.708996128,0,0
12,1,16,3,122.3224285,4,0.571428571,1,0.755355143,0,0
1,11,0,3,150.0258961,1,0.2,1,0.699948208,0,0
9,9,10,21,748.9651673,3,0.75,1,0,1,0
8,8,13,20,554.8497332,3,0.75,1,0,1,1
7,7,22,12,177.8224258,3,0.6,1,0.644355148,1,1
8,7,2,20,502.5254051,0,0,0.666666667,0,0,0
0,0,8,26,277.0425068,3,0.428571429,1,0.445914986,1,1
9,9,6,25,167.6374652,1,0.25,1,0.66472507,1,1
12,12,25,17,402.5154583,1,0.2,1,0.194969083,1,1
11,11,8,25,222.4229934,3,0.6,1,0.555154013,1,1
10,10,0,11,209.9077944,2,0.5,0,0.580184411,1,1
6,8,21,13,870.8423076,1,0.333333333,1,0,0,0
14,14,10,10,0,1,0.25,1,1,1,1
10,10,23,11,301.9152493,1,0.25,1,0.396169501,1,1
5,2,24,9,238.0573937,0,0,1,0.523885213,0,0
6,5,13,4,642.1647193,0,0,1,0,0,0
11,11,8,3,82.81589132,2,0.4,1,0.834368217,1,1
11,11,8,11,337.9260291,2,1,1,0.324147942,1,1
5,5,21,19,325.2335898,2,0.666666667,1,0.34953282,1,1
12,13,0,14,229.1386131,0,0,1,0.541722774,0,0
5,10,25,6,167.6374652,1,0.2,1,0.66472507,0,0
10,11,9,26,412.5780046,2,0.5,0.555555556,0.174843991,0,0
0,1,3,3,0,2,0.285714286,0.5,1,0,0
5,1,3,3,0,3,0.428571429,1,1,0,0
12,12,16,17,487.7096492,3,0.6,1,0.024580702,1,1
13,13,19,20,453.3828563,0,0,1,0.093234287,1,1
7,7,22,17,358.3427684,3,0.75,1,0.283314463,1,0
14,5,2,14,226.3700523,1,0.25,0,0.547259895,0,0
8,12,19,6,281.7166932,0,0,1,0.436566614,0,0
14,9,17,24,208.5258395,1,0.333333333,1,0.582948321,0,0
0,11,13,20,554.8497332,2,0.5,1,0,0,0
10,10,9,0,533.4167426,1,0.2,0.625,0,1,1
13,9,13,24,496.4301125,2,0.4,0.142857143,0.007139775,0,0
0,0,12,8,81.0006213,2,0.666666667,1,0.837998757,1,1
2,3,18,13,705.6824713,2,0.333333333,0.666666667,0,0,0
5,5,24,2,444.6866528,3,0.5,1,0.110626694,1,1
12,12,16,6,259.1116281,1,0.25,1,0.481776744,1,1
5,14,24,23,433.13252,1,0.25,1,0.13373496,0,0
11,7,8,7,161.9920947,1,0.2,0.222222222,0.676015811,0,0
1,1,14,3,221.5688302,2,0.285714286,1,0.55686234,1,1
0,3,7,24,392.6682891,3,0.75,0.5,0.214663422,0,0
10,10,22,11,200.5315688,1,0.25,1,0.598936862,1,0
12,10,16,11,237.5636006,1,0.25,1,0.524872799,0,0
14,14,26,23,249.4772077,3,0.75,1,0.501045585,1,1
13,13,13,14,900.3288117,2,0.666666667,1,0,1,1
12,12,0,24,320.314241,5,1,0,0.359371518,1,1
6,13,11,20,239.6384912,2,0.666666667,0.875,0.520723018,0,0
10,4,22,9,443.6814668,1,0.333333333,1,0.112637066,0,0
10,10,23,0,143.4596778,1,0.2,1,0.713080644,1,1
11,11,2,11,334.4514298,1,0.5,1,0.33109714,1,1
1,12,15,14,156.7791343,2,0.333333333,1,0.686441731,0,0
2,0,15,8,142.1407657,1,0.333333333,1,0.715718469,0,0
12,12,14,14,0,3,0.5,1,1,1,1
14,4,26,9,412.5780046,1,0.166666667,1,0.174843991,0,0
12,9,23,14,336.3409419,1,0.333333333,1,0.327318116,0,0
5,5,11,14,373.1640365,2,0.5,1,0.253671927,1,0
11,4,20,9,148.0463207,1,0.333333333,0,0.703907359,0,0
0,14,25,23,195.6258685,1,0.25,1,0.608748263,0,0
10,12,13,4,642.1647193,3,0.75,0,0,0,0
12,12,23,4,195.6258685,3,0.75,1,0.608748263,1,1
4,4,13,14,900.3288117,1,0.333333333,0.75,0,1,1
0,0,1,8,84.53928451,2,0.666666667,1,0.830921431,1,1
8,7,13,17,613.6878305,2,0.2,1,0,0,0
2,12,9,14,554.9672822,1,0.166666667,1,0,0,0
11,7,11,6,138.1985022,0,0,1,0.723602996,0,0
8,9,5,24,411.6794517,1,0.333333333,1,0.176641097,0,0
6,6,2,23,124.6590386,1,0.2,1,0.750681923,1,1
12,12,23,16,121.4221296,4,0.571428571,1,0.757155741,1,1
11,12,19,23,97.93402632,3,1,1,0.804131947,0,0
10,12,11,16,237.5636006,3,0.428571429,1,0.524872799,0,0
8,8,13,13,0,1,0.333333333,1,1,1,1
11,11,6,20,370.4126183,1,0.25,0.333333333,0.259174763,1,1
12,12,3,6,371.5600536,1,0.25,0.2,0.256879893,1,0
4,4,10,10,0,2,0.4,0.888888889,1,1,1
12,12,21,6,482.0173381,3,0.75,1,0.035965324,1,1
5,5,11,10,424.9081733,3,1,0.666666667,0.150183653,1,1
11,11,20,25,319.2470125,3,0.6,0,0.361505975,1,1
14,14,26,10,442.762744,3,0.75,1,0.114474512,1,1
11,5,8,10,462.2786052,3,1,0.222222222,0.07544279,0,0
9,10,6,6,0,2,0.4,1,1,0,0
9,13,6,19,281.7166932,1,0.333333333,0.333333333,0.436566614,0,0
8,8,1,15,224.0486339,4,0.8,1,0.551902732,1,1
12,12,16,12,37.24636794,3,0.75,1,0.925507264,1,1
9,9,6,11,138.1985022,3,0.75,1,0.723602996,1,1
0,0,7,13,837.7625844,3,0.75,1,0,1,1
3,3,7,6,356.0148631,2,1,1,0.287970274,1,1
4,10,25,6,167.6374652,2,0.4,1,0.66472507,0,0
0,9,18,14,624.8795738,2,0.666666667,0.5,0,0,0
2,2,18,9,184.9371341,2,0.666666667,0.666666667,0.630125732,1,1
10,3,15,23,197.5453915,2,0.5,1,0.604909217,0,0
13,13,3,20,521.5485808,1,0.333333333,0.375,0,1,1
12,4,23,9,660.8026814,3,0.5,1,0,0,0
2,13,9,14,554.9672822,1,0.25,1,0,0,0
5,14,1,10,381.4952739,2,0.5,1,0.237009452,0,0
11,11,19,8,79.00629062,2,0.5,1,0.841987419,1,1
10,12,20,23,514.1435906,2,0.4,1,0,0,0
10,13,22,20,298.0024034,0,0,1,0.403995193,0,0
12,9,9,14,554.9672822,1,0.333333333,1,0,0,0
4,9,14,21,119.3693561,1,0.25,1,0.761261288,0,0
2,13,15,4,240.0438373,3,0.75,0.875,0.519912325,0,0
14,12,10,3,541.0324365,0,0,0,0,0,0
11,11,19,20,453.3828563,2,0.5,0.222222222,0.093234287,1,0
13,13,18,20,298.8521244,3,1,1,0.402295751,1,1
11,11,22,20,298.0024034,2,0.5,1,0.403995193,1,1
12,12,9,14,554.9672822,1,0.5,0.571428571,0,1,1
12,0,21,8,390.954149,2,0.666666667,1,0.218091702,0,0
4,8,25,13,642.1647193,1,0.333333333,1,0,0,0
4,4,5,9,626.9988017,2,0.666666667,0.857142857,0,1,1
5,12,18,14,624.8795738,2,0.333333333,1,0,0,0
4,5,5,4,175.5302597,0,0,1,0.648939481,0,0
10,7,22,17,358.3427684,1,0.1,1,0.283314463,0,0
10,7,23,8,67.87420754,1,0.166666667,1,0.864251585,0,0
12,12,9,14,554.9672822,2,0.333333333,1,0,1,1
11,11,20,11,239.6384912,1,0.5,0,0.520723018,1,1
0,0,5,26,229.4043378,4,0.571428571,1,0.541191324,1,1
14,4,26,9,412.5780046,3,0.75,1,0.174843991,0,0
8,8,22,20,298.0024034,3,0.75,1,0.403995193,1,0
6,9,13,24,496.4301125,2,0.666666667,1,0.007139775,0,0
6,8,2,20,502.5254051,3,0.75,0.75,0,0,0
3,14,16,0,30.16075829,2,0.4,1,0.939678483,0,0
3,7,0,12,65.02392982,1,0.2,1,0.86995214,0,0
2,2,15,21,267.1636931,4,0.666666667,0,0.465672614,1,1
5,4,0,14,229.1386131,1,0.333333333,0,0.541722774,0,0
0,11,3,12,106.5078435,0,0,0.142857143,0.786984313,0,0
8,0,21,8,390.954149,1,0.333333333,1,0.218091702,0,0
11,14,11,23,301.9152493,2,0.5,1,0.396169501,0,0
0,10,6,6,0,2,0.4,0,1,0,0
12,12,21,3,329.5364311,2,0.666666667,1,0.340927138,1,1
8,8,17,13,613.6878305,1,0.333333333,1,0,1,1
3,3,23,6,262.9324302,2,1,1,0.47413514,1,1
2,2,9,21,465.6772788,1,0.166666667,1,0.068645442,1,1
5,5,8,2,67.42131432,2,0.333333333,0.8,0.865157371,1,0
14,11,10,3,541.0324365,0,0,1,0,0,0
12,3,21,6,482.0173381,2,1,1,0.035965324,0,0
11,11,6,26,162.8276374,2,0.5,0.333333333,0.674344725,1,1
13,11,13,17,613.6878305,1,0.2,1,0,0,0
7,3,22,13,729.7507253,2,0.333333333,1,0,0,0
5,7,1,8,84.53928451,2,0.333333333,1,0.830921431,0,0
11,7,16,20,415.2507603,0,0,1,0.169498479,0,0
11,10,21,6,482.0173381,0,0,1,0.035965324,0,0
13,0,10,13,563.1117641,1,0.25,1,0,0,0
13,13,18,14,624.8795738,3,1,1,0,1,1
2,2,15,21,267.1636931,3,0.5,1,0.465672614,1,1
11,3,11,6,138.1985022,0,0,1,0.723602996,0,0
14,14,10,23,395.3722334,1,0.25,1,0.209255533,1,1
2,11,15,11,353.8088231,0,0,1,0.292382354,0,0
9,9,6,21,482.0173381,2,0.5,0.5,0.035965324,1,1
12,12,0,23,143.4596778,3,1,0,0.713080644,1,1
9,9,10,14,698.2214735,2,0.666666667,1,0,1,1
12,12,21,12,336.5182294,1,0.25,1,0.326963541,1,1
9,4,26,9,412.5780046,0,0,0.142857143,0.174843991,0,0
4,10,22,0,117.3892451,3,0.6,1,0.76522151,0,0
6,9,22,14,172.6366887,1,0.333333333,1,0.654726623,0,0
12,12,0,4,92.32320602,4,1,0,0.815353588,1,0
11,11,19,3,90.82246804,4,0.8,1,0.818355064,1,1
0,10,1,24,463.4228237,1,0.25,1,0.073154353,0,0
11,12,10,16,470.0794254,1,0.142857143,0.625,0.059841149,0,0
11,11,20,8,530.6997454,3,0.75,0,0,1,1
11,10,19,6,281.7166932,0,0,1,0.436566614,0,0
1,13,14,19,239.7000746,1,0.333333333,0.888888889,0.520599851,0,0
13,1,18,1,835.4133757,4,0.5,1,0,0,0
10,10,22,6,293.406822,0,0,1,0.413186356,1,0
12,12,25,14,289.1183481,2,1,1,0.421763304,1,1
8,8,22,8,252.6183494,2,0.666666667,1,0.494763301,1,1
5,12,17,14,454.5440368,0,0,0.571428571,0.090911926,0,0
0,9,18,11,538.4905575,2,0.5,1,0,0,0
13,13,26,4,54.79669247,3,0.75,0.625,0.890406615,1,1
13,13,14,14,0,3,0.75,1,1,1,0
5,4,26,10,442.762744,1,0.2,1,0.114474512,0,0
2,2,15,9,633.0655381,2,0.666666667,1,0,1,1
5,5,8,10,462.2786052,2,0.666666667,0.444444444,0.07544279,1,1
4,4,14,7,133.6633552,0,0,1,0.73267329,1,1
14,9,2,11,334.4514298,1,0.25,1,0.33109714,0,0
1,1,9,24,238.0573937,3,0.5,1,0.523885213,1,1
0,11,12,11,261.7887961,1,0.5,1,0.476422408,0,0
11,11,8,26,277.0425068,3,0.75,0.222222222,0.445914986,1,1
3,11,16,25,119.1958971,2,0.4,1,0.761608206,0,0
8,8,1,20,547.1521528,3,0.75,1,0,1,0
3,12,5,23,79.94439811,2,0.666666667,0.888888889,0.840111204,0,0
5,11,11,12,261.7887961,2,0.4,0.857142857,0.476422408,0,0
12,14,3,0,150.0258961,2,0.4,0.5,0.699948208,0,0
5,5,17,19,525.0942232,2,0.666666667,1,0,1,1
3,3,16,20,415.2507603,3,1,1,0.169498479,1,1
5,5,26,10,442.762744,2,0.666666667,1,0.114474512,1,1
1,1,14,24,418.8035839,2,0.333333333,1,0.162392832,1,0
12,7,0,20,385.3795465,1,0.25,1,0.229240907,0,0
11,3,16,24,350.2857124,2,0.5,1,0.299428575,0,0
1,12,9,14,554.9672822,0,0,1,0,0,0
4,4,17,9,105.9684065,1,0.333333333,0,0.788063187,1,1
11,11,1,17,628.4349214,2,0.4,1,0,1,1
13,12,3,4,241.4636112,1,0.25,0.75,0.517072778,0,0
12,12,25,6,167.6374652,4,1,1,0.66472507,1,1
12,12,21,4,320.9274973,3,0.75,1,0.358145005,1,1
11,11,19,25,154.3331191,2,0.4,1,0.691333762,1,1
12,5,16,14,230.4635089,2,0.5,1,0.539072982,0,0
12,12,23,24,433.13252,3,0.6,1,0.13373496,1,1
0,3,3,23,146.1012142,1,0.25,0.25,0.707797572,0,0
13,13,17,14,454.5440368,3,0.6,1,0.090911926,1,1
5,5,18,14,624.8795738,2,0.5,1,0,1,0
0,7,8,12,81.0006213,1,0.2,1,0.837998757,0,0
0,4,25,9,465.3307303,1,0.333333333,0.428571429,0.069338539,0,0
0,0,12,8,81.0006213,3,1,1,0.837998757,1,1
10,10,20,6,370.4126183,2,0.4,1,0.259174763,1,1
7,12,22,14,172.6366887,0,0,1,0.654726623,0,0
6,2,17,21,360.9884396,4,0.666666667,1,0.278023121,0,0
3,11,0,11,209.9077944,1,0.5,1,0.580184411,0,0
11,4,19,9,601.4282767,3,1,1,0,0,0
13,7,18,12,728.0490632,2,0.4,1,0,0,0
4,4,22,10,557.0317973,4,0.8,1,0,1,1
11,11,10,25,428.9659687,2,0.4,0.625,0.142068063,1,1
12,12,16,14,230.4635089,5,0.833333333,1,0.539072982,1,1
11,11,19,17,525.0942232,3,0.6,1,0,1,1
10,4,21,10,748.9651673,1,0.2,0.111111111,0,0,0
0,4,18,14,624.8795738,1,0.333333333,0.5,0,0,0
13,13,14,20,423.583243,3,1,0.625,0.152833514,1,1
13,13,18,14,624.8795738,4,0.8,1,0,1,1
8,8,19,15,115.3281208,1,0.2,1,0.769343758,1,1
11,11,8,11,337.9260291,1,0.5,0.333333333,0.324147942,1,1
11,11,1,12,121.9570243,2,0.4,0.571428571,0.756085951,1,1
13,11,18,8,807.1260551,1,0.25,1,0,0,0
4,5,17,10,744.6201018,1,0.333333333,0,0,0,0
7,7,26,7,236.2342248,2,0.4,1,0.52753155,1,1
0,11,13,26,602.2008738,1,0.25,1,0,0,0
5,5,1,4,227.9769951,1,0.5,1,0.54404601,1,1
8,8,21,20,350.214216,2,0.5,1,0.299571568,1,0
10,10,20,0,385.3795465,1,0.2,1,0.229240907,1,1
12,12,14,24,418.8035839,3,0.6,1,0.162392832,1,1
13,11,3,12,106.5078435,2,0.4,0.428571429,0.786984313,0,0
6,7,2,12,79.33296799,2,0.4,1,0.841334064,0,0
11,1,8,3,82.81589132,1,0.142857143,1,0.834368217,0,0
9,9,21,14,119.3693561,1,0.333333333,1,0.761261288,1,1
10,11,15,12,133.3503503,3,0.6,1,0.733299299,0,0
5,5,17,4,402.5154583,1,0.5,1,0.194969083,1,1
10,10,13,24,496.4301125,3,0.75,0,0.007139775,1,1
0,9,3,24,467.2165077,1,0.2,0.142857143,0.065566985,0,0
10,10,22,0,117.3892451,2,0.4,0.875,0.76522151,1,1
10,10,11,24,138.0343143,3,0.75,1,0.723931371,1,0
4,4,22,9,443.6814668,2,0.5,1,0.112637066,1,1
6,13,2,14,226.3700523,1,0.25,0.75,0.547259895,0,0
3,3,5,20,478.9586662,2,0.666666667,0.888888889,0.042082668,1,1
11,7,16,17,487.7096492,2,0.2,1,0.024580702,0,0
9,9,7,14,133.6633552,2,0.666666667,1,0.73267329,1,1
11,11,8,26,277.0425068,1,0.25,0.888888889,0.445914986,1,1
8,7,17,8,603.8079644,2,0.333333333,1,0,0,0
2,11,0,20,385.3795465,0,0,1,0.229240907,0,0
12,12,16,6,259.1116281,3,0.75,1,0.481776744,1,1
0,12,1,17,628.4349214,2,0.4,1,0,0,0
4,11,0,25,92.32320602,1,0.2,1,0.815353588,0,0
11,12,2,14,226.3700523,2,0.333333333,1,0.547259895,0,0
9,9,21,11,370.8582715,2,0.5,1,0.258283457,1,0
12,12,0,3,150.0258961,2,0.666666667,0,0.699948208,1,1
10,3,23,13,774.5366247,2,0.333333333,1,0,0,0
2,2,15,9,633.0655381,1,0.333333333,1,0,1,1
3,0,16,8,116.1169583,0,0,1,0.767766083,0,0
10,3,13,24,496.4301125,3,0.75,0,0.007139775,0,0
9,0,0,13,733.2475555,1,0.25,1,0,0,0
2,4,1,10,381.4952739,2,0.4,0.555555556,0.237009452,0,0
11,8,1,20,547.1521528,2,0.5,1,0,0,0
10,10,13,0,733.2475555,2,0.4,0,0,1,1
0,3,1,20,547.1521528,1,0.333333333,0.888888889,0,0,0
12,12,3,4,241.4636112,2,0.5,0.25,0.517072778,1,1
1,11,12,20,449.7517946,3,0.75,0.555555556,0.100496411,0,0
3,3,16,5,63.80326383,3,1,1,0.872393472,1,1
0,0,2,13,849.6043535,2,0.5,1,0,1,1
5,5,26,4,54.79669247,0,0,1,0.890406615,1,1
8,7,17,12,523.7772168,2,0.4,1,0,0,0
1,1,0,3,150.0258961,3,0.428571429,1,0.699948208,1,1
8,8,19,20,453.3828563,1,0.25,1,0.093234287,1,1
6,9,4,21,320.9274973,1,0.25,0.333333333,0.358145005,0,0
2,13,18,5,754.5357663,2,0.4,0.5,0,0,0
6,13,17,14,454.5440368,2,0.4,1,0.090911926,0,0
0,0,12,13,770.7635439,2,0.5,1,0,1,0
10,13,20,14,423.583243,1,0.2,1,0.152833514,0,0
3,3,26,13,602.2008738,3,0.5,0.5,0,1,1
11,11,16,26,170.7320557,2,0.5,0.444444444,0.658535889,1,1
5,5,13,4,642.1647193,2,1,1,0,1,1
7,7,5,6,291.8746743,0,0,1,0.416250651,1,1
6,6,9,23,660.8026814,3,0.6,1,0,1,1
12,12,21,14,119.3693561,2,0.333333333,1,0.761261288,1,1
5,5,24,4,239.1748601,1,0.5,1,0.52165028,1,0
12,12,21,3,329.5364311,2,0.666666667,1,0.340927138,1,1
10,13,21,14,119.3693561,1,0.333333333,0.166666667,0.761261288,0,0
12,12,3,12,106.5078435,2,0.5,0.25,0.786984313,1,1
2,8,1,20,547.1521528,0,0,1,0,0,0
14,9,2,25,216.0412369,1,0.25,0,0.567917526,0,0
5,13,25,14,289.1183481,2,0.666666667,0.5,0.421763304,0,0
3,13,16,14,230.4635089,0,0,1,0.539072982,0,0
12,12,3,14,221.5688302,1,0.5,0.142857143,0.55686234,1,1
14,14,13,10,563.1117641,2,0.5,0,0,1,1
1,7,14,6,456.6915338,0,0,1,0.086616932,0,0
11,6,21,23,422.7411443,1,0.2,1,0.154517711,0,0
11,11,10,11,424.9081733,1,0.5,0.833333333,0.150183653,1,1
13,14,26,23,249.4772077,2,0.5,1,0.501045585,0,0
9,8,10,13,563.1117641,0,0,1,0,0,0
5,12,26,3,291.9861079,1,0.333333333,1,0.416027784,0,0
11,1,11,1,329.9851155,2,0.25,1,0.340029769,0,0
5,13,10,4,428.9659687,1,0.25,1,0.142068063,0,0
12,12,0,23,143.4596778,4,0.8,1,0.713080644,1,1
13,13,3,14,221.5688302,1,0.2,0.75,0.55686234,1,1
8,12,5,4,175.5302597,0,0,1,0.648939481,0,0
10,9,23,14,336.3409419,2,0.666666667,1,0.327318116,0,0
2,4,18,9,184.9371341,0,0,0.571428571,0.630125732,0,0
0,8,6,8,320.3137552,2,0.666666667,0,0.35937249,0,0
1,1,14,1,368.0919059,3,0.375,0.333333333,0.263816188,1,1
12,12,9,17,105.9684065,1,0.2,1,0.788063187,1,1
12,12,9,24,238.0573937,2,0.4,0.444444444,0.523885213,1,0
12,11,14,26,309.1467117,1,0.25,1,0.381706577,0,0
7,7,22,20,298.0024034,3,0.75,1,0.403995193,1,1
12,13,3,14,221.5688302,2,0.4,0.25,0.55686234,0,0
12,12,0,23,143.4596778,3,0.6,0,0.713080644,1,1
4,4,22,7,134.890181,3,0.6,1,0.730219638,1,1
9,9,21,21,0,2,0.5,0.666666667,1,1,1
8,11,22,4,129.0909271,1,0.333333333,1,0.741818146,0,0
13,13,14,5,256.7523183,4,0.8,0.625,0.486495363,1,1
11,11,11,25,118.447377,2,0.4,1,0.763105246,1,0
4,4,10,9,757.7832209,1,0.25,1,0,1,1
12,12,0,12,65.02392982,3,0.75,0,0.86995214,1,1
11,12,16,6,259.1116281,1,0.25,1,0.481776744,0,0
13,13,17,14,454.5440368,3,1,1,0.090911926,1,1
13,13,19,14,239.7000746,0,0,1,0.520599851,1,1
3,8,0,13,733.2475555,2,0.666666667,1,0,0,0
9,12,6,14,456.6915338,2,0.333333333,1,0.086616932,0,0
8,4,2,9,650.1119381,1,0.166666667,1,0,0,0
8,8,2,15,74.91748634,1,0.2,1,0.850165027,1,1
6,6,11,23,301.9152493,2,0.4,1,0.396169501,1,1
10,10,20,0,385.3795465,1,0.2,0.75,0.229240907,1,1
8,8,5,13,799.7005097,0,0,1,0,1,1
6,4,11,9,375.5960186,1,0.25,1,0.248807963,0,0
0,0,13,13,0,3,0.75,0,1,1,1
1,5,14,4,289.1183481,1,0.5,1,0.421763304,0,0
9,9,26,11,70.08180827,3,0.75,1,0.859836383,1,1
3,2,5,21,347.2121096,4,0.666666667,1,0.305575781,0,0
0,7,1,17,628.4349214,3,0.3,1,0,0,0
11,11,22,17,358.3427684,3,0.6,1,0.283314463,1,1
10,10,0,24,320.314241,2,0.5,0,0.359371518,1,1
13,9,10,24,536.1089507,1,0.333333333,1,0,0,0
8,8,17,15,543.8470878,3,0.6,1,0,1,1
4,13,14,14,0,1,0.333333333,1,1,0,0
13,13,13,19,785.7346913,3,1,0.555555556,0,1,1
10,3,22,24,262.1016295,1,0.25,1,0.475796741,0,0
11,11,1,20,547.1521528,2,0.5,0.444444444,0,1,0
0,0,18,8,807.1260551,2,0.666666667,0.666666667,0,1,1
11,5,20,4,319.2470125,1,0.5,0,0.361505975,0,0
13,13,13,14,900.3288117,3,1,0.833333333,0,1,1
3,3,0,13,733.2475555,2,0.333333333,1,0,1,1
0,13,12,4,144.167508,1,0.25,1,0.711664984,0,0
10,11,23,25,195.6258685,2,0.4,1,0.608748263,0,0
1,13,15,14,156.7791343,1,0.2,1,0.686441731,0,0
11,0,20,26,267.7867216,0,0,0,0.464426557,0,0
9,5,10,2,517.8469531,2,0.333333333,1,0,0,0
6,4,2,10,517.8469531,1,0.2,1,0,0,0
6,12,4,23,195.6258685,1,0.2,1,0.608748263,0,0
10,10,22,24,262.1016295,1,0.25,1,0.475796741,1,1
3,3,16,13,756.6713161,3,0.5,1,0,1,1
2,13,11,14,373.1640365,0,0,1,0.253671927,0,0
7,7,5,7,123.1251898,1,0.2,1,0.75374962,1,0
1,1,16,24,350.2857124,2,0.333333333,1,0.299428575,1,1
1,13,9,4,465.3307303,1,0.25,0.875,0.069338539,0,0
2,10,11,6,138.1985022,0,0,0.777777778,0.723602996,0,0
14,14,8,0,145.5019361,3,0.6,0,0.708996128,1,1
11,11,16,26,170.7320557,1,0.25,1,0.658535889,1,1
14,5,8,14,292.6825034,2,0.5,0,0.414634993,0,0
13,12,26,17,354.1198778,2,0.4,1,0.291760244,0,0
11,11,16,11,237.5636006,1,0.5,0.666666667,0.524872799,1,1
0,9,18,24,406.767362,2,0.666666667,1,0.186465276,0,0
6,4,21,14,119.3693561,1,0.333333333,1,0.761261288,0,0
0,14,12,10,454.3342301,0,0,1,0.09133154,0,0
2,7,23,6,262.9324302,2,0.4,1,0.47413514,0,0
4,2,25,21,320.9274973,2,0.333333333,1,0.358145005,0,0
4,4,13,9,544.2954242,2,0.333333333,1,0,1,1
14,7,26,8,277.0425068,2,0.333333333,1,0.445914986,0,0
2,9,1,14,368.0919059,0,0,1,0.263816188,0,0
6,12,21,14,119.3693561,2,1,1,0.761261288,0,0
11,5,16,14,230.4635089,1,0.25,1,0.539072982,0,0
10,0,20,26,267.7867216,2,0.285714286,1,0.464426557,0,0
14,3,10,6,286.956532,1,0.5,0,0.426086936,0,0
5,12,21,14,119.3693561,0,0,1,0.761261288,0,0
14,3,10,24,536.1089507,2,0.5,1,0,0,0
3,13,5,4,175.5302597,2,0.5,1,0.648939481,0,0
12,9,21,11,370.8582715,0,0,1,0.258283457,0,0
6,6,22,23,260.586322,2,0.4,1,0.478827356,1,0
12,12,14,6,456.6915338,2,0.5,1,0.086616932,1,1
4,5,0,10,469.1200783,1,0.333333333,1,0.061759843,0,0
5,13,0,20,385.3795465,0,0,0,0.229240907,0,0
2,10,23,6,262.9324302,2,0.4,1,0.47413514,0,0
12,12,23,23,0,2,0.666666667,1,1,1,1
12,13,9,14,554.9672822,3,0.6,1,0,0,0
2,2,18,21,514.8325104,3,0.5,0.8,0,1,0
11,11,11,3,359.6971738,1,0.2,1,0.280605652,1,1
2,9,15,24,446.38741,1,0.2,0,0.10722518,0,0
13,5,13,14,900.3288117,0,0,1,0,0,0
8,4,1,7,234.5948807,3,0.6,1,0.530810239,0,0
13,13,17,19,525.0942232,3,1,0.888888889,0,1,1
4,4,14,9,554.9672822,1,0.333333333,1,0,1,1
0,6,7,23,202.6876398,4,0.8,0.8,0.59462472,0,0
11,11,8,4,222.4229934,2,0.666666667,0.285714286,0.555154013,1,1
7,7,5,7,123.1251898,1,0.333333333,1,0.75374962,1,0
12,13,23,14,336.3409419,3,0.6,1,0.327318116,0,0
6,11,21,11,370.8582715,0,0,1,0.258283457,0,0
0,0,5,13,799.7005097,4,1,1,0,1,1
0,9,13,24,496.4301125,0,0,1,0.007139775,0,0
10,10,20,24,112.2507445,1,0.25,0.857142857,0.775498511,1,0
0,3,5,6,291.8746743,1,0.5,1,0.416250651,0,0
5,12,11,24,138.0343143,3,0.6,0.666666667,0.723931371,0,0
6,8,21,20,350.214216,1,0.25,1,0.299571568,0,0
10,11,22,4,129.0909271,0,0,1,0.741818146,0,0
13,13,13,4,642.1647193,2,0.5,0.625,0,1,1
5,8,25,20,319.2470125,1,0.25,0.75,0.361505975,0,0
14,14,8,10,462.2786052,4,1,0,0.07544279,1,1
0,0,8,8,0,2,0.666666667,1,1,1,1
0,10,1,6,278.2534971,1,0.2,1,0.443493006,0,0
0,0,2,8,67.42131432,2,0.666666667,1,0.865157371,1,1
12,8,23,20,514.1435906,2,0.5,1,0,0,0
6,14,21,0,292.2841209,1,0.2,1,0.415431758,0,0
13,5,26,10,442.762744,1,0.333333333,0.555555556,0.114474512,0,0
1,1,14,1,368.0919059,3,0.375,0.888888889,0.263816188,1,1
2,7,18,6,667.3752731,1,0.25,0.666666667,0,0,0
3,14,5,0,93.58579414,1,0.2,1,0.812828412,0,0
14,7,13,6,511.9180878,1,0.2,0,0,0,0
13,5,13,10,563.1117641,0,0,0.111111111,0,0,0
2,12,23,14,336.3409419,1,0.5,0.571428571,0.327318116,0,0
13,13,26,14,309.1467117,3,0.75,1,0.381706577,1,0
12,3,0,13,733.2475555,2,0.333333333,1,0,0,0
9,1,7,1,234.5948807,2,0.25,1,0.530810239,0,0
2,2,1,9,693.2409871,2,0.666666667,0.833333333,0,1,1
7,12,5,12,31.36839577,0,0,1,0.937263208,0,0
0,0,13,26,602.2008738,4,0.571428571,0,0,1,1
10,10,23,6,262.9324302,2,0.666666667,1,0.47413514,1,1
1,1,14,3,221.5688302,3,0.428571429,1,0.55686234,1,0
10,10,20,11,239.6384912,1,0.25,1,0.520723018,1,1
13,13,19,19,0,0,0,1,1,1,1
11,10,8,0,145.5019361,3,0.6,1,0.708996128,0,0
0,10,8,24,460.71136,1,0.25,1,0.07857728,0,0
5,5,25,4,0,1,0.5,1,1,1,1
12,12,0,23,143.4596778,2,0.666666667,1,0.713080644,1,0
12,12,25,4,0,2,0.5,1,1,1,1
11,11,19,17,525.0942232,3,0.6,1,0,1,1
3,11,26,12,198.1177027,1,0.2,0.428571429,0.603764595,0,0
12,8,0,15,149.6651713,2,0.4,0,0.700669657,0,0
6,11,22,8,252.6183494,0,0,1,0.494763301,0,0
7,12,5,23,79.94439811,1,0.2,1,0.840111204,0,0
11,7,20,7,432.6582707,1,0.333333333,1,0.134683459,0,0
0,0,8,13,831.8156177,2,0.5,1,0,1,0
7,7,26,20,267.7867216,2,0.5,1,0.464426557,1,1
2,10,15,11,353.8088231,2,0.5,1,0.292382354,0,0
13,13,14,14,0,3,1,0.833333333,1,1,1
12,12,16,14,230.4635089,3,0.5,1,0.539072982,1,0
14,11,8,26,277.0425068,2,0.5,0,0.445914986,0,0
0,11,12,4,144.167508,1,0.333333333,1,0.711664984,0,0
5,12,10,23,395.3722334,1,0.333333333,1,0.209255533,0,0
2,2,9,9,0,0,0,1,1,1,1
4,4,14,9,554.9672822,0,0,1,0,1,1
11,11,8,8,0,1,0.25,1,1,1,1
2,0,15,26,283.8480306,4,0.571428571,0,0.432303939,0,0
6,3,0,13,733.2475555,1,0.166666667,1,0,0,0
4,4,13,7,837.7625844,2,0.4,0.428571429,0,1,1
2,10,11,6,138.1985022,1,0.2,1,0.723602996,0,0
10,10,13,6,511.9180878,1,0.333333333,0,0,1,0
1,1,12,3,106.5078435,3,0.428571429,1,0.786984313,1,1
13,8,3,20,521.5485808,3,0.75,0.75,0,0,0
11,10,20,6,370.4126183,1,0.2,0,0.259174763,0,0
12,11,0,4,92.32320602,0,0,0,0.815353588,0,0
6,14,2,10,517.8469531,0,0,1,0,0,0
5,8,21,8,390.954149,0,0,1,0.218091702,0,0
2,3,9,13,544.2954242,1,0.166666667,1,0,0,0
9,13,0,20,385.3795465,0,0,1,0.229240907,0,0
11,11,8,12,81.0006213,1,0.2,0.285714286,0.837998757,1,1
14,13,8,14,292.6825034,2,0.5,0,0.414634993,0,0
1,1,15,1,224.0486339,5,0.625,0.777777778,0.551902732,1,1
9,9,6,14,456.6915338,1,0.333333333,0.75,0.086616932,1,1
12,12,23,23,0,2,0.4,1,1,1,0
12,8,16,20,415.2507603,1,0.25,1,0.169498479,0,0
10,13,22,20,298.0024034,1,0.333333333,0.875,0.403995193,0,0
4,4,0,7,113.7038496,2,0.4,1,0.772592301,1,1
0,11,13,8,831.8156177,1,0.25,1,0,0,0
11,11,1,8,84.53928451,3,0.75,1,0.830921431,1,0
8,8,17,15,543.8470878,2,0.4,1,0,1,1
5,0,3,13,876.5375342,3,0.75,1,0,0,0
4,7,14,17,454.5440368,1,0.1,1,0.090911926,0,0
3,7,16,6,259.1116281,1,0.25,1,0.481776744,0,0
5,5,10,10,0,3,1,1,1,1,1
13,7,14,8,292.6825034,4,0.666666667,1,0.414634993,0,0
1,3,12,13,770.7635439,4,0.666666667,0.833333333,0,0,0
0,10,12,11,261.7887961,1,0.25,1,0.476422408,0,0
1,1,0,1,179.6140999,3,0.375,0.666666667,0.6407718,1,1
0,9,13,14,900.3288117,0,0,1,0,0,0
10,8,23,8,67.87420754,3,1,1,0.864251585,0,0
4,7,5,17,551.3206471,2,0.5,1,0,0,0
9,4,10,9,757.7832209,2,0.333333333,1,0,0,0
12,4,9,7,577.5053357,1,0.2,0.571428571,0,0,0
5,8,24,8,460.71136,2,0.666666667,1,0.07857728,0,0
8,3,5,13,799.7005097,1,0.166666667,1,0,0,0
0,0,12,26,198.1177027,5,0.714285714,1,0.603764595,1,1
12,12,21,14,119.3693561,1,0.5,1,0.761261288,1,1
12,14,9,0,533.4167426,1,0.2,1,0,0,0
2,14,9,10,757.7832209,1,0.25,1,0,0,0
8,8,5,15,120.2854413,1,0.2,1,0.759429117,1,0
11,4,16,14,230.4635089,0,0,1,0.539072982,0,0
8,11,1,17,628.4349214,2,0.4,1,0,0,0
11,11,20,17,96.32959931,2,0.4,0,0.807340801,1,1
11,13,1,14,368.0919059,2,0.5,1,0.263816188,0,0
12,7,16,20,415.2507603,0,0,0.888888889,0.169498479,0,0
4,4,0,9,533.4167426,2,0.666666667,1,0,1,1
14,14,17,0,458.7538511,3,0.6,1,0.082492298,1,1
10,11,13,3,876.5375342,3,0.6,0,0,0,0
13,13,13,14,900.3288117,4,1,1,0,1,1
12,12,21,12,336.5182294,3,0.75,1,0.326963541,1,1
5,14,21,23,422.7411443,0,0,1,0.154517711,0,0
11,11,6,12,265.1565059,0,0,0.428571429,0.469686988,1,1
6,6,2,23,124.6590386,1,0.2,0.6,0.750681923,1,1
9,9,26,25,54.79669247,3,0.75,1,0.890406615,1,1
5,3,8,13,831.8156177,2,0.333333333,0.666666667,0,0,0
5,12,25,16,119.1958971,1,0.142857143,0.375,0.761608206,0,0
11,5,16,2,96.9017962,0,0,1,0.806196408,0,0
11,12,11,23,301.9152493,0,0,1,0.396169501,0,0
1,11,14,8,292.6825034,2,0.5,1,0.414634993,0,0
0,8,3,20,521.5485808,0,0,0.25,0,0,0
10,14,22,0,117.3892451,0,0,1,0.76522151,0,0
4,4,17,10,744.6201018,2,0.4,0,0,1,1
12,13,16,19,38.24081332,2,0.666666667,1,0.923518373,0,0
2,7,15,7,55.59746332,0,0,1,0.888805073,0,0
2,2,3,21,329.5364311,3,0.5,1,0.340927138,1,1
0,3,25,13,642.1647193,2,0.333333333,0.5,0,0,0
10,4,0,9,533.4167426,2,0.666666667,0,0,0,0
10,10,23,24,433.13252,2,0.5,1,0.13373496,1,1
1,1,2,3,27.18545445,4,0.571428571,1,0.945629091,1,0
10,1,22,3,226.4169391,4,0.571428571,1,0.547166122,0,0
5,14,0,10,469.1200783,1,0.25,0,0.061759843,0,0
5,0,1,26,280.959089,2,0.285714286,1,0.438081822,0,0
12,12,14,23,336.3409419,2,0.666666667,1,0.327318116,1,1
3,3,16,20,415.2507603,2,0.666666667,1,0.169498479,1,1
3,11,16,3,122.3224285,1,0.2,1,0.755355143,0,0
10,10,9,11,375.5960186,2,0.5,1,0.248807963,1,1
5,5,9,19,601.4282767,1,0.333333333,1,0,1,1
3,8,0,8,145.5019361,1,0.333333333,1,0.708996128,0,0
10,11,21,17,360.9884396,1,0.2,1,0.278023121,0,0
11,8,1,15,224.0486339,2,0.4,1,0.551902732,0,0
14,8,10,8,462.2786052,0,0,0,0.07544279,0,0
11,11,8,3,82.81589132,1,0.2,0.4,0.834368217,1,1
4,13,13,20,554.8497332,0,0,0.375,0,0,0
13,7,13,6,511.9180878,3,0.6,1,0,0,0
10,10,21,6,482.0173381,3,0.6,1,0.035965324,1,1
12,12,25,12,144.167508,2,0.5,1,0.711664984,1,1
9,7,7,6,356.0148631,1,0.25,1,0.287970274,0,0
12,12,16,17,487.7096492,4,0.8,1,0.024580702,1,1
0,0,13,8,831.8156177,2,0.666666667,1,0,1,1
8,3,1,24,463.4228237,2,0.5,0.875,0.073154353,0,0
8,8,21,13,870.8423076,1,0.333333333,1,0,1,1
9,9,26,14,309.1467117,2,0.666666667,0.25,0.381706577,1,0
9,9,0,21,292.2841209,3,0.75,1,0.415431758,1,1
9,9,26,24,184.4198153,2,0.666666667,1,0.631160369,1,1
12,12,0,17,458.7538511,3,0.6,1,0.082492298,1,1
2,10,18,6,667.3752731,2,0.4,1,0,0,0
11,11,2,26,267.4122981,2,0.5,1,0.465175404,1,1
7,7,26,17,354.1198778,3,0.3,1,0.291760244,1,0
12,12,9,4,465.3307303,2,0.5,1,0.069338539,1,1
10,10,8,6,320.3137552,3,0.6,1,0.35937249,1,1
13,13,13,20,554.8497332,2,0.666666667,0.875,0,1,1
14,12,8,24,460.71136,2,0.4,0,0.07857728,0,0
2,2,15,21,267.1636931,4,0.666666667,1,0.465672614,1,1
10,4,8,10,462.2786052,3,0.6,0.555555556,0.07544279,0,0
0,4,7,9,577.5053357,1,0.166666667,1,0,0,0
4,4,0,14,229.1386131,3,1,1,0.541722774,1,1
10,13,22,19,174.2143096,1,0.333333333,0.777777778,0.651571381,0,0
10,10,23,6,262.9324302,1,0.333333333,0.777777778,0.47413514,1,1
8,8,17,8,603.8079644,3,1,1,0,1,1
9,9,7,21,229.6750103,3,0.75,1,0.540649979,1,0
12,12,14,14,0,1,0.5,1,1,1,1
4,4,25,10,428.9659687,2,0.4,1,0.142068063,1,1
5,5,0,19,68.37629414,2,0.666666667,0,0.863247412,1,1
0,2,13,9,544.2954242,1,0.333333333,1,0,0,0
6,3,24,5,411.6794517,1,0.333333333,1,0.176641097,0,0
12,12,0,6,242.5969539,3,0.75,0,0.514806092,1,1
5,13,0,14,229.1386131,0,0,0,0.541722774,0,0
4,4,22,9,443.6814668,3,1,1,0.112637066,1,1
12,12,0,3,150.0258961,3,1,1,0.699948208,1,1
3,4,7,7,0,2,0.4,1,1,0,0
14,13,17,5,551.3206471,2,0.4,1,0,0,0
12,12,14,16,230.4635089,3,0.428571429,1,0.539072982,1,1
11,11,2,17,568.4296926,3,0.6,1,0,1,1
10,10,15,11,353.8088231,2,0.5,1,0.292382354,1,1
8,8,22,13,729.7507253,1,0.333333333,1,0,1,0
12,12,16,24,350.2857124,3,0.6,0.888888889,0.299428575,1,1
11,11,16,12,37.24636794,1,0.2,1,0.925507264,1,1
0,0,1,13,787.2050998,2,0.5,1,0,1,1
14,1,2,24,444.6866528,1,0.166666667,1,0.110626694,0,0
5,5,8,4,222.4229934,0,0,1,0.555154013,1,1
0,4,13,10,563.1117641,2,0.4,0,0,0,0
9,9,10,24,536.1089507,3,0.6,1,0,1,1
1,13,15,4,240.0438373,2,0.5,0.875,0.519912325,0,0
4,4,17,7,488.7928073,2,0.4,0,0.022414385,1,1
5,5,3,2,27.18545445,3,0.5,1,0.945629091,1,0
10,10,23,6,262.9324302,3,0.6,1,0.47413514,1,1
11,11,20,20,0,2,0.5,0,1,1,1
5,0,24,13,496.4301125,2,0.5,1,0.007139775,0,0
6,2,24,21,375.1155189,1,0.166666667,1,0.249768962,0,0
2,7,15,8,142.1407657,2,0.333333333,1,0.715718469,0,0
12,14,16,23,121.4221296,2,0.5,1,0.757155741,0,0
11,9,6,14,456.6915338,1,0.333333333,0.75,0.086616932,0,0
3,3,7,20,432.6582707,3,1,1,0.134683459,1,1
4,4,17,9,105.9684065,4,0.666666667,1,0.788063187,1,1
11,4,16,9,563.2967032,0,0,1,0,0,0
6,13,24,5,411.6794517,0,0,0.875,0.176641097,0,0
13,13,13,5,799.7005097,2,0.4,0.875,0,1,1
4,3,22,6,293.406822,1,0.5,1,0.413186356,0,0
11,13,1,19,132.1368455,1,0.333333333,0.444444444,0.735726309,0,0
13,12,14,24,418.8035839,1,0.2,0.555555556,0.162392832,0,0
11,11,11,17,333.286097,1,0.2,1,0.333427806,1,1
13,6,10,23,395.3722334,0,0,1,0.209255533,0,0
11,7,21,7,229.6750103,0,0,1,0.540649979,0,0
10,12,8,17,603.8079644,3,0.6,1,0,0,0
12,12,0,14,229.1386131,4,0.666666667,1,0.541722774,1,1
0,0,5,8,52.59057074,2,0.666666667,1,0.894818859,1,0
5,6,3,23,146.1012142,4,0.8,1,0.707797572,0,0
5,5,0,14,229.1386131,2,0.5,0,0.541722774,1,1
5,5,24,14,418.8035839,2,0.5,1,0.162392832,1,1
1,1,0,24,320.314241,2,0.333333333,1,0.359371518,1,1
10,10,0,0,0,2,0.4,0,1,1,1
0,0,18,13,705.6824713,3,0.75,1,0,1,1
14,7,10,20,648.3022927,0,0,1,0,0,0
5,9,1,11,329.9851155,2,0.5,1,0.340029769,0,0
10,10,22,6,293.406822,3,0.6,1,0.413186356,1,1
2,9,7,14,133.6633552,1,0.333333333,1,0.73267329,0,0
11,5,8,14,292.6825034,1,0.25,1,0.414634993,0,0
3,3,0,6,242.5969539,1,0.5,1,0.514806092,1,0
0,0,25,8,222.4229934,1,0.333333333,1,0.555154013,1,1
1,1,16,3,122.3224285,3,0.428571429,1,0.755355143,1,1
10,10,21,0,292.2841209,2,0.4,0.125,0.415431758,1,1
8,7,17,8,603.8079644,3,0.5,1,0,0,0
12,12,14,17,454.5440368,2,0.4,1,0.090911926,1,1
8,11,1,11,329.9851155,1,0.5,1,0.340029769,0,0
4,5,0,19,68.37629414,1,0.333333333,1,0.863247412,0,0
0,13,3,20,521.5485808,0,0,0.125,0,0,0
0,0,1,26,280.959089,3,0.428571429,1,0.438081822,1,1
4,1,17,24,208.5258395,3,0.5,1,0.582948321,0,0
14,14,10,0,469.1200783,0,0,1,0.061759843,1,1
11,11,10,8,462.2786052,2,0.5,1,0.07544279,1,1
14,14,10,10,0,2,0.5,0,1,1,1
12,6,14,23,336.3409419,0,0,1,0.327318116,0,0
8,12,17,24,208.5258395,2,0.4,0.888888889,0.582948321,0,0
12,12,9,6,495.3446881,2,0.5,0.8,0.009310624,1,1
13,13,17,5,551.3206471,3,0.6,1,0,1,1
13,9,13,11,532.8326507,1,0.25,1,0,0,0
11,11,21,3,329.5364311,0,0,1,0.340927138,1,1
5,11,17,11,333.286097,1,0.5,0.666666667,0.333427806,0,0
11,11,2,20,502.5254051,2,0.5,1,0,1,1
12,12,3,17,584.7343796,2,0.4,0.5,0,1,0
9,11,7,26,236.2342248,2,0.5,1,0.52753155,0,0
6,11,11,17,333.286097,0,0,1,0.333427806,0,0
11,11,10,3,541.0324365,0,0,1,0,1,1
0,11,8,17,603.8079644,2,0.4,1,0,0,0
11,11,1,3,167.252469,1,0.2,0.8,0.665495062,1,1
13,13,26,14,309.1467117,3,1,0.833333333,0.381706577,1,1
1,11,2,12,79.33296799,2,0.4,0.571428571,0.841334064,0,0
0,8,12,8,81.0006213,2,0.666666667,1,0.837998757,0,0
14,1,26,1,280.959089,3,0.375,0.555555556,0.438081822,0,0
5,9,26,11,70.08180827,1,0.25,1,0.859836383,0,0
3,3,23,13,774.5366247,3,0.5,1,0,1,1
11,11,1,11,329.9851155,1,0.5,0.666666667,0.340029769,1,0
14,14,15,0,149.6651713,2,0.4,1,0.700669657,1,1
8,12,2,16,96.9017962,1,0.142857143,0.75,0.806196408,0,0
11,11,16,17,487.7096492,3,0.6,1,0.024580702,1,1
7,7,22,7,134.890181,4,0.8,1,0.730219638,1,1
3,5,0,2,125.5448602,2,0.333333333,1,0.74891028,0,0
13,12,10,17,744.6201018,1,0.2,1,0,0,0
1,0,14,8,292.6825034,0,0,1,0.414634993,0,0
1,11,0,8,145.5019361,2,0.5,1,0.708996128,0,0
13,13,19,5,26.44838108,0,0,1,0.947103238,1,1
12,4,16,10,470.0794254,3,0.6,0.888888889,0.059841149,0,0
7,7,26,17,354.1198778,3,0.75,1,0.291760244,1,1
12,12,21,23,422.7411443,2,0.4,1,0.154517711,1,1
11,11,19,11,272.661695,1,0.5,0.333333333,0.45467661,1,1
1,1,9,1,693.2409871,4,0.5,0.777777778,0,1,1
5,5,26,2,267.4122981,5,0.833333333,1,0.465175404,1,1
11,13,11,14,373.1640365,2,0.5,1,0.253671927,0,0
5,5,9,14,554.9672822,1,0.25,1,0,1,0
3,3,16,13,756.6713161,2,0.333333333,1,0,1,1
9,7,0,12,65.02392982,2,0.4,1,0.86995214,0,0
4,10,5,24,411.6794517,1,0.25,0.857142857,0.176641097,0,0
4,11,13,20,554.8497332,0,0,0.333333333,0,0,0
12,12,16,16,0,4,0.571428571,1,1,1,1
10,10,9,6,495.3446881,1,0.2,1,0.009310624,1,1
11,12,1,3,167.252469,0,0,1,0.665495062,0,0
5,5,18,10,938.1157374,3,1,0.222222222,0,1,1
5,0,0,13,733.2475555,1,0.25,0,0,0,0
6,10,21,24,375.1155189,1,0.25,1,0.249768962,0,0
11,11,19,8,79.00629062,4,1,1,0.841987419,1,1
3,3,0,20,385.3795465,2,0.666666667,1,0.229240907,1,1
11,5,11,4,118.447377,1,0.5,1,0.763105246,0,0
13,8,13,8,831.8156177,1,0.333333333,0.166666667,0,0,0
5,0,9,26,412.5780046,2,0.285714286,1,0.174843991,0,0
4,4,5,10,466.2127722,1,0.2,0.666666667,0.067574456,1,1
11,11,21,20,350.214216,1,0.25,0.555555556,0.299571568,1,1
5,5,11,2,334.4514298,4,0.666666667,1,0.33109714,1,1
3,3,23,24,433.13252,3,0.75,1,0.13373496,1,1
11,7,8,17,603.8079644,3,0.75,1,0,0,0
13,13,3,14,221.5688302,1,0.333333333,0.5,0.55686234,1,0
10,7,11,20,239.6384912,2,0.5,1,0.520723018,0,0
5,5,0,2,125.5448602,3,0.5,0,0.74891028,1,1
11,7,8,12,81.0006213,1,0.2,1,0.837998757,0,0
1,3,15,6,389.5869107,2,1,1,0.220826179,0,0
1,1,16,1,157.4359486,2,0.25,1,0.685128103,1,1
0,10,13,0,733.2475555,2,0.4,0,0,0,0
4,4,5,14,256.7523183,1,0.333333333,1,0.486495363,1,1
5,5,24,10,536.1089507,3,1,1,0,1,1
4,4,10,9,757.7832209,2,0.666666667,1,0,1,1
11,10,10,0,469.1200783,0,0,0.625,0.061759843,0,0
9,9,21,24,375.1155189,2,0.4,0.571428571,0.249768962,1,0
4,3,22,24,262.1016295,2,0.5,1,0.475796741,0,0
5,4,21,10,748.9651673,0,0,1,0,0,0
1,11,15,4,240.0438373,3,1,1,0.519912325,0,0
5,6,13,23,774.5366247,3,0.6,1,0,0,0
2,3,15,6,389.5869107,1,0.5,1,0.220826179,0,0
7,7,5,6,291.8746743,1,0.25,1,0.416250651,1,1
8,4,21,9,465.6772788,2,0.333333333,1,0.068645442,0,0
12,12,25,3,241.4636112,1,0.333333333,1,0.517072778,1,1
4,4,17,9,105.9684065,2,0.5,0,0.788063187,1,1
10,1,23,1,36.18438751,3,0.375,1,0.927631225,0,0
5,5,3,4,241.4636112,1,0.5,1,0.517072778,1,1
11,11,21,4,320.9274973,1,0.333333333,0.714285714,0.358145005,1,1
14,8,13,15,882.1921595,1,0.2,0,0,0,0
3,3,5,23,79.94439811,3,0.75,1,0.840111204,1,1
0,1,12,1,121.9570243,2,0.25,1,0.756085951,0,0
2,12,0,24,320.314241,1,0.2,1,0.359371518,0,0
12,12,3,24,467.2165077,2,0.4,0.111111111,0.065566985,1,1
12,12,9,12,597.729342,2,0.5,1,0,1,1
5,5,18,2,767.4284917,4,0.666666667,1,0,1,0
9,11,7,25,197.2927896,2,0.4,1,0.605414421,0,0
1,7,14,8,292.6825034,2,0.333333333,0.6,0.414634993,0,0
5,12,26,14,309.1467117,1,0.5,1,0.381706577,0,0
0,0,3,26,291.9861079,2,0.285714286,0.2,0.416027784,1,1
1,1,9,1,693.2409871,3,0.375,0.555555556,0,1,1
10,10,8,0,145.5019361,3,0.6,0.625,0.708996128,1,1
0,11,1,20,547.1521528,1,0.25,0.888888889,0,0,0
14,11,2,25,216.0412369,1,0.2,0,0.567917526,0,0
13,4,13,10,563.1117641,4,0.8,0.555555556,0,0,0
1,11,16,17,487.7096492,2,0.4,1,0.024580702,0,0
11,11,16,25,119.1958971,2,0.4,0.5,0.761608206,1,1
4,4,14,9,554.9672822,1,0.166666667,1,0,1,1
5,9,24,24,0,2,0.666666667,1,1,0,0
8,3,19,5,26.44838108,0,0,1,0.947103238,0,0
13,7,13,7,837.7625844,1,0.333333333,1,0,0,0
11,9,20,24,112.2507445,1,0.333333333,1,0.775498511,0,0
11,11,22,26,137.720335,3,0.75,1,0.72455933,1,0
12,12,16,3,122.3224285,2,0.666666667,1,0.755355143,1,1
13,13,17,20,96.32959931,2,0.666666667,1,0.807340801,1,1
14,13,15,14,156.7791343,2,0.4,1,0.686441731,0,0
8,14,17,23,594.1967862,1,0.25,1,0,0,0
4,4,25,9,465.3307303,3,0.75,1,0.069338539,1,1
10,10,23,6,262.9324302,2,0.4,1,0.47413514,1,1
3,3,16,5,63.80326383,2,0.666666667,1,0.872393472,1,1
13,13,10,20,648.3022927,2,0.666666667,1,0,1,1
3,3,16,6,259.1116281,2,1,1,0.481776744,1,0
1,5,9,19,601.4282767,1,0.333333333,1,0,0,0
11,8,6,8,320.3137552,1,0.333333333,0.5,0.35937249,0,0
13,11,13,4,642.1647193,0,0,1,0,0,0
0,8,1,8,84.53928451,1,0.333333333,1,0.830921431,0,0
11,2,21,9,465.6772788,0,0,0.833333333,0.068645442,0,0
9,9,10,25,428.9659687,2,0.5,1,0.142068063,1,1
11,11,19,12,18.03136586,1,0.2,0.285714286,0.963937268,1,1
9,9,10,11,424.9081733,3,0.75,1,0.150183653,1,1
7,7,22,7,134.890181,2,0.666666667,1,0.730219638,1,1
3,3,16,24,350.2857124,3,0.75,1,0.299428575,1,1
11,11,8,17,603.8079644,3,0.6,1,0,1,1
12,13,21,4,320.9274973,2,0.5,1,0.358145005,0,0
3,0,23,26,249.4772077,3,0.428571429,1,0.501045585,0,0
8,8,5,20,478.9586662,1,0.25,1,0.042082668,1,0
11,11,10,12,454.3342301,1,0.2,0.714285714,0.09133154,1,1
3,0,0,8,145.5019361,1,0.333333333,1,0.708996128,0,0
5,5,1,19,132.1368455,1,0.333333333,1,0.735726309,1,1
13,13,13,4,642.1647193,2,0.5,0.125,0,1,1
5,5,21,2,328.719615,2,0.333333333,1,0.34256077,1,1
8,7,17,7,488.7928073,2,0.4,1,0.022414385,0,0
10,14,20,0,385.3795465,1,0.2,1,0.229240907,0,0
13,13,13,20,554.8497332,2,0.666666667,0.625,0,1,1
12,5,23,19,97.93402632,2,0.666666667,1,0.804131947,0,0
11,11,19,4,154.3331191,2,0.666666667,0.285714286,0.691333762,1,1
5,7,1,7,234.5948807,0,0,1,0.530810239,0,0
6,1,11,1,329.9851155,2,0.25,0.777777778,0.340029769,0,0
12,13,21,14,119.3693561,3,0.6,1,0.761261288,0,0
3,3,5,24,411.6794517,2,0.5,1,0.176641097,1,1
11,13,16,20,415.2507603,0,0,0.5,0.169498479,0,0
5,8,26,20,267.7867216,2,0.5,1,0.464426557,0,0
5,5,18,19,728.1327401,2,0.666666667,0.5,0,1,1
14,7,15,7,55.59746332,1,0.2,1,0.888805073,0,0
2,0,9,13,544.2954242,0,0,1,0,0,0
13,13,18,4,610.3246328,2,0.5,1,0,1,1
6,5,24,19,388.0751726,2,0.666666667,1,0.223849655,0,0
13,5,26,19,207.2361745,2,0.666666667,1,0.585527651,0,0
3,3,0,5,93.58579414,2,0.666666667,1,0.812828412,1,1
2,2,11,21,370.8582715,1,0.166666667,1,0.258283457,1,1
12,12,25,23,195.6258685,2,0.666666667,0.888888889,0.608748263,1,1
11,11,19,25,154.3331191,3,0.6,0.25,0.691333762,1,1
1,11,0,11,209.9077944,1,0.5,1,0.580184411,0,0
2,11,1,3,167.252469,2,0.4,1,0.665495062,0,0
0,5,25,4,0,0,0,1,1,0,0
8,13,2,20,502.5254051,0,0,0.75,0,0,0
10,9,21,24,375.1155189,2,0.4,0.142857143,0.249768962,0,0
9,9,26,24,184.4198153,3,0.6,0.142857143,0.631160369,1,0
0,12,6,12,265.1565059,1,0.25,0,0.469686988,0,0
4,11,25,12,144.167508,2,0.4,1,0.711664984,0,0
13,7,14,6,456.6915338,3,0.6,1,0.086616932,0,0
12,9,25,21,320.9274973,0,0,1,0.358145005,0,0
4,13,5,14,256.7523183,2,0.5,1,0.486495363,0,0
12,12,0,6,242.5969539,3,0.75,1,0.514806092,1,1
2,12,15,23,197.5453915,0,0,1,0.604909217,0,0
1,12,9,3,668.6556057,2,0.666666667,1,0,0,0
3,3,0,24,320.314241,3,0.75,1,0.359371518,1,1
14,14,26,0,141.9858991,2,0.4,1,0.716028202,1,1
11,11,8,25,222.4229934,3,0.6,0.25,0.555154013,1,1
6,0,22,26,137.720335,2,0.285714286,1,0.72455933,0,0
11,11,6,11,138.1985022,0,0,0.5,0.723602996,1,1
12,12,9,23,660.8026814,2,0.4,1,0,1,1
3,3,7,5,123.1251898,3,1,1,0.75374962,1,0
4,4,5,7,123.1251898,0,0,0.857142857,0.75374962,1,1
13,13,26,20,267.7867216,3,1,0.625,0.464426557,1,0
7,7,26,7,236.2342248,0,0,1,0.52753155,1,1
7,10,26,11,70.08180827,2,0.5,1,0.859836383,0,0
12,12,21,23,422.7411443,2,0.666666667,1,0.154517711,1,0
11,14,11,0,209.9077944,1,0.2,1,0.580184411,0,0
10,0,22,8,252.6183494,1,0.333333333,1,0.494763301,0,0
,,,,,,,,,,
,,,,,,,,,,
,,,,,,,,,,
,,,,,,,,,,
,,,,,,,,,,
,,,,,,,,,,
,,,,,,,,,,
,,,,,,,,,,
,,,14,,,,,,0,
,,,0,,,,14,,14,
,,5,14,,5,,,,24,
,,,24,,,,,,,
